-- phpMyAdmin SQL Dump
-- version 5.2.0
-- https://www.phpmyadmin.net/
--
-- Servidor: 127.0.0.1
-- Tiempo de generación: 02-02-2023 a las 08:01:47
-- Versión del servidor: 10.4.24-MariaDB
-- Versión de PHP: 8.1.6

SET SQL_MODE = "NO_AUTO_VALUE_ON_ZERO";
START TRANSACTION;
SET time_zone = "+00:00";


/*!40101 SET @OLD_CHARACTER_SET_CLIENT=@@CHARACTER_SET_CLIENT */;
/*!40101 SET @OLD_CHARACTER_SET_RESULTS=@@CHARACTER_SET_RESULTS */;
/*!40101 SET @OLD_COLLATION_CONNECTION=@@COLLATION_CONNECTION */;
/*!40101 SET NAMES utf8mb4 */;

--
-- Base de datos: `mantenimiento`
--

-- --------------------------------------------------------

--
-- Estructura de tabla para la tabla `articulos`
--

CREATE TABLE `articulos` (
  `id` bigint(20) UNSIGNED NOT NULL,
  `codigo` varchar(255) NOT NULL,
  `articulo` varchar(255) NOT NULL,
  `unidad_de_medida_id` bigint(20) UNSIGNED NOT NULL,
  `precio_estimado` decimal(8,2) NOT NULL,
  `tipo` enum('FUNGIBLE','COMPONENTE','PIEZA','HERRAMIENTA') NOT NULL,
  `tiempo_de_vida` decimal(8,2) NOT NULL,
  `esta_activo` tinyint(1) NOT NULL DEFAULT 1,
  `created_at` timestamp NULL DEFAULT NULL,
  `updated_at` timestamp NULL DEFAULT NULL
) ENGINE=InnoDB DEFAULT CHARSET=utf8mb4;

--
-- Volcado de datos para la tabla `articulos`
--

INSERT INTO `articulos` (`id`, `codigo`, `articulo`, `unidad_de_medida_id`, `precio_estimado`, `tipo`, `tiempo_de_vida`, `esta_activo`, `created_at`, `updated_at`) VALUES
(1, '079391', 'dylluygz', 5, '3106.56', 'FUNGIBLE', '885.22', 1, '2023-02-02 06:58:48', '2023-02-02 06:58:48'),
(2, '164038', 'lnvtkbmw', 3, '1254.08', 'FUNGIBLE', '850.07', 1, '2023-02-02 06:58:48', '2023-02-02 06:58:48'),
(3, '358137', 'avwstkjy', 6, '3865.60', 'FUNGIBLE', '1164.67', 1, '2023-02-02 06:58:48', '2023-02-02 06:58:48'),
(4, '219598', 'shydeivw', 4, '4540.48', 'FUNGIBLE', '1245.75', 1, '2023-02-02 06:58:48', '2023-02-02 06:58:48'),
(5, '536549', 'sukslrcc', 7, '2786.23', 'FUNGIBLE', '878.17', 1, '2023-02-02 06:58:48', '2023-02-02 06:58:48'),
(6, '121650', 'jgzvpcnl', 4, '4529.35', 'FUNGIBLE', '1256.61', 1, '2023-02-02 06:58:48', '2023-02-02 06:58:48'),
(7, '144168', 'oxcmorrh', 6, '3061.55', 'HERRAMIENTA', '662.34', 1, '2023-02-02 06:58:48', '2023-02-02 06:58:48'),
(8, '359977', 'lwglyavn', 5, '4187.68', 'HERRAMIENTA', '1397.02', 1, '2023-02-02 06:58:48', '2023-02-02 06:58:48'),
(9, '362401', 'ssfvvffp', 4, '3675.20', 'HERRAMIENTA', '1323.17', 1, '2023-02-02 06:58:48', '2023-02-02 06:58:48'),
(10, '040080', 'ceqsrkkm', 6, '1816.61', 'HERRAMIENTA', '1322.28', 1, '2023-02-02 06:58:49', '2023-02-02 06:58:49'),
(11, '933895', 'fyddwwdf', 7, '995.95', 'COMPONENTE', '1452.42', 1, '2023-02-02 06:58:49', '2023-02-02 06:58:49'),
(12, '224618', 'dngjizaj', 10, '2481.14', 'COMPONENTE', '767.01', 1, '2023-02-02 06:58:50', '2023-02-02 06:58:50'),
(13, '547847', 'kcahjcyy', 9, '2124.92', 'COMPONENTE', '946.11', 1, '2023-02-02 06:58:51', '2023-02-02 06:58:51'),
(14, '361765', 'xvgjehqz', 10, '4419.37', 'COMPONENTE', '895.33', 1, '2023-02-02 06:58:52', '2023-02-02 06:58:52'),
(15, '758159', 'branyqvt', 5, '4156.98', 'COMPONENTE', '1373.66', 1, '2023-02-02 06:58:53', '2023-02-02 06:58:53'),
(16, '636319', 'jgycfruu', 9, '1828.46', 'COMPONENTE', '1239.61', 1, '2023-02-02 06:58:54', '2023-02-02 06:58:54'),
(17, '458585', 'qfkqlity', 5, '2295.23', 'COMPONENTE', '1418.34', 1, '2023-02-02 06:58:55', '2023-02-02 06:58:55'),
(18, '283434', 'woqinfto', 10, '4670.27', 'COMPONENTE', '1086.35', 1, '2023-02-02 06:58:56', '2023-02-02 06:58:56'),
(19, '804698', 'ajvwnaxy', 8, '3270.35', 'COMPONENTE', '919.35', 1, '2023-02-02 06:58:56', '2023-02-02 06:58:56'),
(20, '108496', 'lyqvhson', 5, '3426.25', 'COMPONENTE', '1048.80', 1, '2023-02-02 06:58:57', '2023-02-02 06:58:57'),
(21, '189534', 'bhjwfplg', 7, '637.74', 'COMPONENTE', '1180.65', 1, '2023-02-02 06:58:58', '2023-02-02 06:58:58'),
(22, '317353', 'jsqoygam', 2, '3348.84', 'COMPONENTE', '1068.45', 1, '2023-02-02 06:58:59', '2023-02-02 06:58:59'),
(23, '372483', 'eujzeomo', 3, '517.10', 'COMPONENTE', '901.42', 1, '2023-02-02 06:59:01', '2023-02-02 06:59:01'),
(24, '418654', 'arxrfzyi', 8, '4961.31', 'COMPONENTE', '1458.17', 1, '2023-02-02 06:59:02', '2023-02-02 06:59:02'),
(25, '312041', 'omzdrpry', 2, '2934.71', 'COMPONENTE', '1248.48', 1, '2023-02-02 06:59:03', '2023-02-02 06:59:03'),
(26, '480146', 'tawghakt', 5, '3525.40', 'COMPONENTE', '1300.52', 1, '2023-02-02 06:59:03', '2023-02-02 06:59:03'),
(27, '619516', 'oidtktoz', 9, '4361.72', 'COMPONENTE', '982.66', 1, '2023-02-02 06:59:04', '2023-02-02 06:59:04'),
(28, '013210', 'ctntlikn', 3, '1470.22', 'COMPONENTE', '831.66', 1, '2023-02-02 06:59:05', '2023-02-02 06:59:05'),
(29, '928630', 'bvvugeag', 10, '2809.45', 'COMPONENTE', '1189.96', 1, '2023-02-02 06:59:06', '2023-02-02 06:59:06'),
(30, '405779', 'deptddzo', 4, '1415.79', 'COMPONENTE', '1295.10', 1, '2023-02-02 06:59:07', '2023-02-02 06:59:07'),
(31, '834604', 'gtebckxq', 3, '873.24', 'COMPONENTE', '1092.96', 1, '2023-02-02 06:59:09', '2023-02-02 06:59:09'),
(32, '783961', 'blumvqqv', 3, '4621.88', 'COMPONENTE', '884.68', 1, '2023-02-02 06:59:10', '2023-02-02 06:59:10'),
(33, '942829', 'natyrqxa', 5, '4902.79', 'COMPONENTE', '1385.71', 1, '2023-02-02 06:59:11', '2023-02-02 06:59:11'),
(34, '079313', 'rvxgcxbt', 3, '2984.61', 'COMPONENTE', '962.13', 1, '2023-02-02 06:59:12', '2023-02-02 06:59:12'),
(35, '954095', 'bhzernpn', 6, '731.84', 'COMPONENTE', '954.69', 1, '2023-02-02 06:59:13', '2023-02-02 06:59:13'),
(36, '376861', 'jxkpaquq', 4, '1510.20', 'COMPONENTE', '512.38', 1, '2023-02-02 06:59:14', '2023-02-02 06:59:14'),
(37, '230968', 'xtmqulrt', 6, '4390.77', 'COMPONENTE', '1167.24', 1, '2023-02-02 06:59:15', '2023-02-02 06:59:15'),
(38, '094702', 'ljglhwef', 10, '1747.89', 'COMPONENTE', '863.37', 1, '2023-02-02 06:59:16', '2023-02-02 06:59:16'),
(39, '725469', 'jsmrcqzv', 4, '2273.66', 'COMPONENTE', '914.89', 1, '2023-02-02 06:59:17', '2023-02-02 06:59:17'),
(40, '936554', 'nzukqenn', 2, '2523.56', 'COMPONENTE', '1229.50', 1, '2023-02-02 06:59:18', '2023-02-02 06:59:18'),
(41, '355587', 'uvlnpsox', 6, '3082.82', 'COMPONENTE', '508.93', 1, '2023-02-02 06:59:20', '2023-02-02 06:59:20'),
(42, '063066', 'zbqqrkxh', 1, '1673.95', 'COMPONENTE', '1285.60', 1, '2023-02-02 06:59:21', '2023-02-02 06:59:21'),
(43, '225733', 'ascynpzx', 2, '891.56', 'COMPONENTE', '647.20', 1, '2023-02-02 06:59:22', '2023-02-02 06:59:22'),
(44, '738659', 'ulgdfftd', 4, '4347.99', 'COMPONENTE', '775.58', 1, '2023-02-02 06:59:22', '2023-02-02 06:59:22'),
(45, '815002', 'eiswelkv', 3, '4517.63', 'COMPONENTE', '1439.15', 1, '2023-02-02 06:59:24', '2023-02-02 06:59:24'),
(46, '542575', 'eovmnzzr', 9, '4572.07', 'COMPONENTE', '724.18', 1, '2023-02-02 06:59:25', '2023-02-02 06:59:25'),
(47, '105078', 'akumjryp', 10, '1560.07', 'PIEZA', '880.64', 1, '2023-02-02 06:59:27', '2023-02-02 06:59:27'),
(48, '422633', 'unkciyeq', 6, '633.46', 'PIEZA', '563.61', 1, '2023-02-02 06:59:27', '2023-02-02 06:59:27'),
(49, '978474', 'lkcsgwrz', 8, '3363.54', 'PIEZA', '804.47', 1, '2023-02-02 06:59:27', '2023-02-02 06:59:27'),
(50, '786129', 'qgnnfwjq', 9, '534.72', 'PIEZA', '1153.59', 1, '2023-02-02 06:59:27', '2023-02-02 06:59:27'),
(51, '840871', 'vmvpqgjd', 9, '3012.69', 'PIEZA', '583.66', 1, '2023-02-02 06:59:28', '2023-02-02 06:59:28'),
(52, '743882', 'hjbegzxn', 5, '3437.71', 'PIEZA', '874.88', 1, '2023-02-02 06:59:28', '2023-02-02 06:59:28'),
(53, '910546', 'wdlgssan', 4, '1867.35', 'PIEZA', '1310.90', 1, '2023-02-02 06:59:28', '2023-02-02 06:59:28'),
(54, '929187', 'halarwno', 6, '2500.43', 'PIEZA', '723.45', 1, '2023-02-02 06:59:28', '2023-02-02 06:59:28'),
(55, '407073', 'myflmjtf', 1, '2853.06', 'PIEZA', '1451.71', 1, '2023-02-02 06:59:28', '2023-02-02 06:59:28'),
(56, '638439', 'emiiugke', 7, '1450.08', 'PIEZA', '882.49', 1, '2023-02-02 06:59:28', '2023-02-02 06:59:28'),
(57, '660433', 'txelotvj', 6, '3855.01', 'PIEZA', '831.03', 1, '2023-02-02 06:59:28', '2023-02-02 06:59:28'),
(58, '619944', 'vkngjsar', 5, '880.44', 'PIEZA', '897.99', 1, '2023-02-02 06:59:28', '2023-02-02 06:59:28'),
(59, '001224', 'txpxuslc', 2, '1000.67', 'PIEZA', '523.94', 1, '2023-02-02 06:59:28', '2023-02-02 06:59:28'),
(60, '449943', 'ezvxgirq', 6, '1560.41', 'PIEZA', '1199.66', 1, '2023-02-02 06:59:28', '2023-02-02 06:59:28'),
(61, '476859', 'aszdgxfb', 2, '3874.05', 'PIEZA', '1378.69', 1, '2023-02-02 06:59:28', '2023-02-02 06:59:28'),
(62, '840853', 'yftlcvzq', 9, '964.36', 'PIEZA', '750.01', 1, '2023-02-02 06:59:29', '2023-02-02 06:59:29'),
(63, '083928', 'wwxyjehh', 8, '880.98', 'PIEZA', '818.92', 1, '2023-02-02 06:59:29', '2023-02-02 06:59:29'),
(64, '142672', 'segtaapw', 1, '2947.73', 'PIEZA', '837.16', 1, '2023-02-02 06:59:29', '2023-02-02 06:59:29'),
(65, '216375', 'mtbdzakx', 6, '4201.30', 'PIEZA', '1079.53', 1, '2023-02-02 06:59:29', '2023-02-02 06:59:29'),
(66, '283247', 'rulnnhdv', 10, '1277.65', 'PIEZA', '673.01', 1, '2023-02-02 06:59:29', '2023-02-02 06:59:29'),
(67, '783154', 'xnorurzr', 2, '3713.57', 'PIEZA', '1365.05', 1, '2023-02-02 06:59:29', '2023-02-02 06:59:29'),
(68, '939919', 'gtbgdwsp', 6, '2480.02', 'PIEZA', '546.47', 1, '2023-02-02 06:59:29', '2023-02-02 06:59:29'),
(69, '275139', 'yneukrxy', 5, '4089.10', 'PIEZA', '1371.99', 1, '2023-02-02 06:59:29', '2023-02-02 06:59:29'),
(70, '122146', 'zdxrmtas', 7, '1092.48', 'PIEZA', '885.67', 1, '2023-02-02 06:59:29', '2023-02-02 06:59:29'),
(71, '739238', 'oxtxrqpg', 4, '739.43', 'PIEZA', '794.59', 1, '2023-02-02 06:59:29', '2023-02-02 06:59:29'),
(72, '073848', 'zivvxtpr', 2, '1443.97', 'PIEZA', '963.34', 1, '2023-02-02 06:59:29', '2023-02-02 06:59:29'),
(73, '165902', 'xdusemdu', 7, '2781.02', 'PIEZA', '1079.62', 1, '2023-02-02 06:59:29', '2023-02-02 06:59:29'),
(74, '143863', 'xhrajips', 7, '1366.80', 'PIEZA', '1074.87', 1, '2023-02-02 06:59:29', '2023-02-02 06:59:29'),
(75, '868634', 'uxzirqjr', 3, '2443.79', 'PIEZA', '1036.14', 1, '2023-02-02 06:59:29', '2023-02-02 06:59:29'),
(76, '471338', 'skqgwfpa', 8, '1605.20', 'PIEZA', '679.61', 1, '2023-02-02 06:59:29', '2023-02-02 06:59:29'),
(77, '504381', 'mnsszlmt', 5, '1791.86', 'PIEZA', '682.21', 1, '2023-02-02 06:59:30', '2023-02-02 06:59:30'),
(78, '336022', 'vcqgewqe', 1, '3239.68', 'PIEZA', '554.62', 1, '2023-02-02 06:59:30', '2023-02-02 06:59:30'),
(79, '097535', 'iwcvkekx', 4, '2263.86', 'PIEZA', '1003.91', 1, '2023-02-02 06:59:30', '2023-02-02 06:59:30'),
(80, '862615', 'iqxyuidm', 2, '1863.81', 'PIEZA', '759.85', 1, '2023-02-02 06:59:30', '2023-02-02 06:59:30'),
(81, '908722', 'qghbalsf', 8, '2261.62', 'PIEZA', '1040.92', 1, '2023-02-02 06:59:30', '2023-02-02 06:59:30'),
(82, '212538', 'nbttfben', 1, '2076.39', 'PIEZA', '897.70', 1, '2023-02-02 06:59:30', '2023-02-02 06:59:30');

-- --------------------------------------------------------

--
-- Estructura de tabla para la tabla `articulo_para_tareas`
--

CREATE TABLE `articulo_para_tareas` (
  `id` bigint(20) UNSIGNED NOT NULL,
  `articulo_id` bigint(20) UNSIGNED NOT NULL,
  `tarea_id` bigint(20) UNSIGNED NOT NULL,
  `created_at` timestamp NULL DEFAULT NULL,
  `updated_at` timestamp NULL DEFAULT NULL
) ENGINE=InnoDB DEFAULT CHARSET=utf8mb4;

--
-- Volcado de datos para la tabla `articulo_para_tareas`
--

INSERT INTO `articulo_para_tareas` (`id`, `articulo_id`, `tarea_id`, `created_at`, `updated_at`) VALUES
(1, 4, 1, '2023-02-02 06:58:49', '2023-02-02 06:58:49'),
(2, 8, 1, '2023-02-02 06:58:49', '2023-02-02 06:58:49'),
(3, 6, 1, '2023-02-02 06:58:49', '2023-02-02 06:58:49'),
(4, 1, 1, '2023-02-02 06:58:49', '2023-02-02 06:58:49'),
(5, 4, 2, '2023-02-02 06:58:49', '2023-02-02 06:58:49'),
(6, 5, 2, '2023-02-02 06:58:49', '2023-02-02 06:58:49'),
(7, 2, 2, '2023-02-02 06:58:49', '2023-02-02 06:58:49'),
(8, 3, 2, '2023-02-02 06:58:49', '2023-02-02 06:58:49'),
(9, 6, 3, '2023-02-02 06:58:49', '2023-02-02 06:58:49'),
(10, 6, 3, '2023-02-02 06:58:49', '2023-02-02 06:58:49'),
(11, 7, 3, '2023-02-02 06:58:49', '2023-02-02 06:58:49'),
(12, 11, 3, '2023-02-02 06:58:49', '2023-02-02 06:58:49'),
(13, 5, 4, '2023-02-02 06:58:49', '2023-02-02 06:58:49'),
(14, 11, 4, '2023-02-02 06:58:50', '2023-02-02 06:58:50'),
(15, 5, 4, '2023-02-02 06:58:50', '2023-02-02 06:58:50'),
(16, 6, 4, '2023-02-02 06:58:50', '2023-02-02 06:58:50'),
(17, 9, 5, '2023-02-02 06:58:50', '2023-02-02 06:58:50'),
(18, 8, 5, '2023-02-02 06:58:50', '2023-02-02 06:58:50'),
(19, 2, 5, '2023-02-02 06:58:50', '2023-02-02 06:58:50'),
(20, 7, 5, '2023-02-02 06:58:50', '2023-02-02 06:58:50'),
(21, 12, 6, '2023-02-02 06:58:50', '2023-02-02 06:58:50'),
(22, 8, 6, '2023-02-02 06:58:50', '2023-02-02 06:58:50'),
(23, 2, 6, '2023-02-02 06:58:50', '2023-02-02 06:58:50'),
(24, 7, 6, '2023-02-02 06:58:50', '2023-02-02 06:58:50'),
(25, 9, 7, '2023-02-02 06:58:50', '2023-02-02 06:58:50'),
(26, 8, 7, '2023-02-02 06:58:50', '2023-02-02 06:58:50'),
(27, 7, 7, '2023-02-02 06:58:50', '2023-02-02 06:58:50'),
(28, 11, 7, '2023-02-02 06:58:50', '2023-02-02 06:58:50'),
(29, 7, 8, '2023-02-02 06:58:50', '2023-02-02 06:58:50'),
(30, 1, 8, '2023-02-02 06:58:50', '2023-02-02 06:58:50'),
(31, 8, 8, '2023-02-02 06:58:50', '2023-02-02 06:58:50'),
(32, 8, 8, '2023-02-02 06:58:50', '2023-02-02 06:58:50'),
(33, 5, 9, '2023-02-02 06:58:51', '2023-02-02 06:58:51'),
(34, 6, 9, '2023-02-02 06:58:51', '2023-02-02 06:58:51'),
(35, 11, 9, '2023-02-02 06:58:51', '2023-02-02 06:58:51'),
(36, 5, 9, '2023-02-02 06:58:51', '2023-02-02 06:58:51'),
(37, 1, 10, '2023-02-02 06:58:51', '2023-02-02 06:58:51'),
(38, 9, 10, '2023-02-02 06:58:51', '2023-02-02 06:58:51'),
(39, 11, 10, '2023-02-02 06:58:51', '2023-02-02 06:58:51'),
(40, 3, 10, '2023-02-02 06:58:51', '2023-02-02 06:58:51'),
(41, 11, 11, '2023-02-02 06:58:51', '2023-02-02 06:58:51'),
(42, 13, 11, '2023-02-02 06:58:51', '2023-02-02 06:58:51'),
(43, 7, 11, '2023-02-02 06:58:51', '2023-02-02 06:58:51'),
(44, 10, 11, '2023-02-02 06:58:51', '2023-02-02 06:58:51'),
(45, 2, 12, '2023-02-02 06:58:51', '2023-02-02 06:58:51'),
(46, 2, 12, '2023-02-02 06:58:51', '2023-02-02 06:58:51'),
(47, 8, 12, '2023-02-02 06:58:51', '2023-02-02 06:58:51'),
(48, 3, 12, '2023-02-02 06:58:51', '2023-02-02 06:58:51'),
(49, 4, 13, '2023-02-02 06:58:51', '2023-02-02 06:58:51'),
(50, 8, 13, '2023-02-02 06:58:51', '2023-02-02 06:58:51'),
(51, 3, 13, '2023-02-02 06:58:51', '2023-02-02 06:58:51'),
(52, 3, 13, '2023-02-02 06:58:51', '2023-02-02 06:58:51'),
(53, 13, 14, '2023-02-02 06:58:51', '2023-02-02 06:58:51'),
(54, 10, 14, '2023-02-02 06:58:51', '2023-02-02 06:58:51'),
(55, 7, 14, '2023-02-02 06:58:51', '2023-02-02 06:58:51'),
(56, 7, 14, '2023-02-02 06:58:51', '2023-02-02 06:58:51'),
(57, 12, 15, '2023-02-02 06:58:52', '2023-02-02 06:58:52'),
(58, 1, 15, '2023-02-02 06:58:52', '2023-02-02 06:58:52'),
(59, 9, 15, '2023-02-02 06:58:52', '2023-02-02 06:58:52'),
(60, 2, 15, '2023-02-02 06:58:52', '2023-02-02 06:58:52'),
(61, 7, 16, '2023-02-02 06:58:52', '2023-02-02 06:58:52'),
(62, 10, 16, '2023-02-02 06:58:52', '2023-02-02 06:58:52'),
(63, 14, 16, '2023-02-02 06:58:52', '2023-02-02 06:58:52'),
(64, 2, 16, '2023-02-02 06:58:52', '2023-02-02 06:58:52'),
(65, 3, 17, '2023-02-02 06:58:52', '2023-02-02 06:58:52'),
(66, 13, 17, '2023-02-02 06:58:52', '2023-02-02 06:58:52'),
(67, 12, 17, '2023-02-02 06:58:52', '2023-02-02 06:58:52'),
(68, 12, 17, '2023-02-02 06:58:52', '2023-02-02 06:58:52'),
(69, 4, 18, '2023-02-02 06:58:52', '2023-02-02 06:58:52'),
(70, 11, 18, '2023-02-02 06:58:52', '2023-02-02 06:58:52'),
(71, 2, 18, '2023-02-02 06:58:52', '2023-02-02 06:58:52'),
(72, 10, 18, '2023-02-02 06:58:52', '2023-02-02 06:58:52'),
(73, 8, 19, '2023-02-02 06:58:52', '2023-02-02 06:58:52'),
(74, 7, 19, '2023-02-02 06:58:52', '2023-02-02 06:58:52'),
(75, 11, 19, '2023-02-02 06:58:52', '2023-02-02 06:58:52'),
(76, 1, 19, '2023-02-02 06:58:52', '2023-02-02 06:58:52'),
(77, 10, 20, '2023-02-02 06:58:52', '2023-02-02 06:58:52'),
(78, 4, 20, '2023-02-02 06:58:52', '2023-02-02 06:58:52'),
(79, 2, 20, '2023-02-02 06:58:52', '2023-02-02 06:58:52'),
(80, 1, 20, '2023-02-02 06:58:52', '2023-02-02 06:58:52'),
(81, 13, 21, '2023-02-02 06:58:53', '2023-02-02 06:58:53'),
(82, 13, 21, '2023-02-02 06:58:53', '2023-02-02 06:58:53'),
(83, 2, 21, '2023-02-02 06:58:53', '2023-02-02 06:58:53'),
(84, 9, 21, '2023-02-02 06:58:53', '2023-02-02 06:58:53'),
(85, 13, 22, '2023-02-02 06:58:53', '2023-02-02 06:58:53'),
(86, 10, 22, '2023-02-02 06:58:53', '2023-02-02 06:58:53'),
(87, 2, 22, '2023-02-02 06:58:53', '2023-02-02 06:58:53'),
(88, 14, 22, '2023-02-02 06:58:53', '2023-02-02 06:58:53'),
(89, 2, 23, '2023-02-02 06:58:53', '2023-02-02 06:58:53'),
(90, 9, 23, '2023-02-02 06:58:53', '2023-02-02 06:58:53'),
(91, 2, 23, '2023-02-02 06:58:53', '2023-02-02 06:58:53'),
(92, 2, 23, '2023-02-02 06:58:53', '2023-02-02 06:58:53'),
(93, 15, 24, '2023-02-02 06:58:53', '2023-02-02 06:58:53'),
(94, 5, 24, '2023-02-02 06:58:53', '2023-02-02 06:58:53'),
(95, 5, 24, '2023-02-02 06:58:53', '2023-02-02 06:58:53'),
(96, 3, 24, '2023-02-02 06:58:53', '2023-02-02 06:58:53'),
(97, 12, 25, '2023-02-02 06:58:53', '2023-02-02 06:58:53'),
(98, 15, 25, '2023-02-02 06:58:53', '2023-02-02 06:58:53'),
(99, 12, 25, '2023-02-02 06:58:53', '2023-02-02 06:58:53'),
(100, 15, 25, '2023-02-02 06:58:54', '2023-02-02 06:58:54'),
(101, 13, 26, '2023-02-02 06:58:54', '2023-02-02 06:58:54'),
(102, 6, 26, '2023-02-02 06:58:54', '2023-02-02 06:58:54'),
(103, 13, 26, '2023-02-02 06:58:54', '2023-02-02 06:58:54'),
(104, 6, 26, '2023-02-02 06:58:54', '2023-02-02 06:58:54'),
(105, 5, 27, '2023-02-02 06:58:54', '2023-02-02 06:58:54'),
(106, 6, 27, '2023-02-02 06:58:54', '2023-02-02 06:58:54'),
(107, 2, 27, '2023-02-02 06:58:54', '2023-02-02 06:58:54'),
(108, 9, 27, '2023-02-02 06:58:54', '2023-02-02 06:58:54'),
(109, 15, 28, '2023-02-02 06:58:54', '2023-02-02 06:58:54'),
(110, 7, 28, '2023-02-02 06:58:54', '2023-02-02 06:58:54'),
(111, 12, 28, '2023-02-02 06:58:54', '2023-02-02 06:58:54'),
(112, 13, 28, '2023-02-02 06:58:54', '2023-02-02 06:58:54'),
(113, 4, 29, '2023-02-02 06:58:54', '2023-02-02 06:58:54'),
(114, 14, 29, '2023-02-02 06:58:54', '2023-02-02 06:58:54'),
(115, 7, 29, '2023-02-02 06:58:54', '2023-02-02 06:58:54'),
(116, 2, 29, '2023-02-02 06:58:54', '2023-02-02 06:58:54'),
(117, 2, 30, '2023-02-02 06:58:55', '2023-02-02 06:58:55'),
(118, 3, 30, '2023-02-02 06:58:55', '2023-02-02 06:58:55'),
(119, 1, 30, '2023-02-02 06:58:55', '2023-02-02 06:58:55'),
(120, 14, 30, '2023-02-02 06:58:55', '2023-02-02 06:58:55'),
(121, 16, 31, '2023-02-02 06:58:55', '2023-02-02 06:58:55'),
(122, 15, 31, '2023-02-02 06:58:55', '2023-02-02 06:58:55'),
(123, 10, 31, '2023-02-02 06:58:55', '2023-02-02 06:58:55'),
(124, 8, 31, '2023-02-02 06:58:55', '2023-02-02 06:58:55'),
(125, 1, 32, '2023-02-02 06:58:55', '2023-02-02 06:58:55'),
(126, 2, 32, '2023-02-02 06:58:55', '2023-02-02 06:58:55'),
(127, 1, 32, '2023-02-02 06:58:55', '2023-02-02 06:58:55'),
(128, 1, 32, '2023-02-02 06:58:55', '2023-02-02 06:58:55'),
(129, 3, 33, '2023-02-02 06:58:55', '2023-02-02 06:58:55'),
(130, 1, 33, '2023-02-02 06:58:55', '2023-02-02 06:58:55'),
(131, 13, 33, '2023-02-02 06:58:55', '2023-02-02 06:58:55'),
(132, 12, 33, '2023-02-02 06:58:55', '2023-02-02 06:58:55'),
(133, 9, 34, '2023-02-02 06:58:55', '2023-02-02 06:58:55'),
(134, 16, 34, '2023-02-02 06:58:55', '2023-02-02 06:58:55'),
(135, 1, 34, '2023-02-02 06:58:55', '2023-02-02 06:58:55'),
(136, 13, 34, '2023-02-02 06:58:55', '2023-02-02 06:58:55'),
(137, 10, 35, '2023-02-02 06:58:55', '2023-02-02 06:58:55'),
(138, 14, 35, '2023-02-02 06:58:55', '2023-02-02 06:58:55'),
(139, 10, 35, '2023-02-02 06:58:56', '2023-02-02 06:58:56'),
(140, 15, 35, '2023-02-02 06:58:56', '2023-02-02 06:58:56'),
(141, 6, 36, '2023-02-02 06:58:56', '2023-02-02 06:58:56'),
(142, 16, 36, '2023-02-02 06:58:56', '2023-02-02 06:58:56'),
(143, 8, 36, '2023-02-02 06:58:56', '2023-02-02 06:58:56'),
(144, 12, 36, '2023-02-02 06:58:56', '2023-02-02 06:58:56'),
(145, 4, 37, '2023-02-02 06:58:56', '2023-02-02 06:58:56'),
(146, 4, 37, '2023-02-02 06:58:56', '2023-02-02 06:58:56'),
(147, 7, 37, '2023-02-02 06:58:56', '2023-02-02 06:58:56'),
(148, 12, 37, '2023-02-02 06:58:56', '2023-02-02 06:58:56'),
(149, 6, 38, '2023-02-02 06:58:56', '2023-02-02 06:58:56'),
(150, 3, 38, '2023-02-02 06:58:56', '2023-02-02 06:58:56'),
(151, 6, 38, '2023-02-02 06:58:56', '2023-02-02 06:58:56'),
(152, 1, 38, '2023-02-02 06:58:56', '2023-02-02 06:58:56'),
(153, 16, 39, '2023-02-02 06:58:56', '2023-02-02 06:58:56'),
(154, 17, 39, '2023-02-02 06:58:56', '2023-02-02 06:58:56'),
(155, 9, 39, '2023-02-02 06:58:56', '2023-02-02 06:58:56'),
(156, 5, 39, '2023-02-02 06:58:56', '2023-02-02 06:58:56'),
(157, 16, 40, '2023-02-02 06:58:56', '2023-02-02 06:58:56'),
(158, 1, 40, '2023-02-02 06:58:56', '2023-02-02 06:58:56'),
(159, 17, 40, '2023-02-02 06:58:56', '2023-02-02 06:58:56'),
(160, 12, 40, '2023-02-02 06:58:56', '2023-02-02 06:58:56'),
(161, 12, 41, '2023-02-02 06:58:57', '2023-02-02 06:58:57'),
(162, 18, 41, '2023-02-02 06:58:57', '2023-02-02 06:58:57'),
(163, 15, 41, '2023-02-02 06:58:57', '2023-02-02 06:58:57'),
(164, 14, 41, '2023-02-02 06:58:57', '2023-02-02 06:58:57'),
(165, 5, 42, '2023-02-02 06:58:57', '2023-02-02 06:58:57'),
(166, 13, 42, '2023-02-02 06:58:57', '2023-02-02 06:58:57'),
(167, 11, 42, '2023-02-02 06:58:57', '2023-02-02 06:58:57'),
(168, 17, 42, '2023-02-02 06:58:57', '2023-02-02 06:58:57'),
(169, 17, 43, '2023-02-02 06:58:57', '2023-02-02 06:58:57'),
(170, 14, 43, '2023-02-02 06:58:57', '2023-02-02 06:58:57'),
(171, 15, 43, '2023-02-02 06:58:57', '2023-02-02 06:58:57'),
(172, 12, 43, '2023-02-02 06:58:57', '2023-02-02 06:58:57'),
(173, 6, 44, '2023-02-02 06:58:57', '2023-02-02 06:58:57'),
(174, 17, 44, '2023-02-02 06:58:57', '2023-02-02 06:58:57'),
(175, 1, 44, '2023-02-02 06:58:57', '2023-02-02 06:58:57'),
(176, 11, 44, '2023-02-02 06:58:57', '2023-02-02 06:58:57'),
(177, 2, 45, '2023-02-02 06:58:57', '2023-02-02 06:58:57'),
(178, 14, 45, '2023-02-02 06:58:57', '2023-02-02 06:58:57'),
(179, 19, 45, '2023-02-02 06:58:57', '2023-02-02 06:58:57'),
(180, 5, 45, '2023-02-02 06:58:57', '2023-02-02 06:58:57'),
(181, 19, 46, '2023-02-02 06:58:58', '2023-02-02 06:58:58'),
(182, 13, 46, '2023-02-02 06:58:58', '2023-02-02 06:58:58'),
(183, 3, 46, '2023-02-02 06:58:58', '2023-02-02 06:58:58'),
(184, 6, 46, '2023-02-02 06:58:58', '2023-02-02 06:58:58'),
(185, 3, 47, '2023-02-02 06:58:58', '2023-02-02 06:58:58'),
(186, 11, 47, '2023-02-02 06:58:58', '2023-02-02 06:58:58'),
(187, 14, 47, '2023-02-02 06:58:58', '2023-02-02 06:58:58'),
(188, 9, 47, '2023-02-02 06:58:58', '2023-02-02 06:58:58'),
(189, 12, 48, '2023-02-02 06:58:58', '2023-02-02 06:58:58'),
(190, 14, 48, '2023-02-02 06:58:58', '2023-02-02 06:58:58'),
(191, 11, 48, '2023-02-02 06:58:58', '2023-02-02 06:58:58'),
(192, 8, 48, '2023-02-02 06:58:58', '2023-02-02 06:58:58'),
(193, 2, 49, '2023-02-02 06:58:58', '2023-02-02 06:58:58'),
(194, 11, 49, '2023-02-02 06:58:58', '2023-02-02 06:58:58'),
(195, 11, 49, '2023-02-02 06:58:58', '2023-02-02 06:58:58'),
(196, 11, 49, '2023-02-02 06:58:58', '2023-02-02 06:58:58'),
(197, 16, 50, '2023-02-02 06:58:58', '2023-02-02 06:58:58'),
(198, 3, 50, '2023-02-02 06:58:58', '2023-02-02 06:58:58'),
(199, 11, 50, '2023-02-02 06:58:58', '2023-02-02 06:58:58'),
(200, 15, 50, '2023-02-02 06:58:58', '2023-02-02 06:58:58'),
(201, 16, 51, '2023-02-02 06:58:58', '2023-02-02 06:58:58'),
(202, 6, 51, '2023-02-02 06:58:58', '2023-02-02 06:58:58'),
(203, 21, 51, '2023-02-02 06:58:59', '2023-02-02 06:58:59'),
(204, 6, 51, '2023-02-02 06:58:59', '2023-02-02 06:58:59'),
(205, 10, 52, '2023-02-02 06:58:59', '2023-02-02 06:58:59'),
(206, 3, 52, '2023-02-02 06:58:59', '2023-02-02 06:58:59'),
(207, 20, 52, '2023-02-02 06:58:59', '2023-02-02 06:58:59'),
(208, 8, 52, '2023-02-02 06:58:59', '2023-02-02 06:58:59'),
(209, 7, 53, '2023-02-02 06:58:59', '2023-02-02 06:58:59'),
(210, 13, 53, '2023-02-02 06:58:59', '2023-02-02 06:58:59'),
(211, 15, 53, '2023-02-02 06:58:59', '2023-02-02 06:58:59'),
(212, 2, 53, '2023-02-02 06:58:59', '2023-02-02 06:58:59'),
(213, 17, 54, '2023-02-02 06:58:59', '2023-02-02 06:58:59'),
(214, 17, 54, '2023-02-02 06:58:59', '2023-02-02 06:58:59'),
(215, 2, 54, '2023-02-02 06:58:59', '2023-02-02 06:58:59'),
(216, 17, 54, '2023-02-02 06:58:59', '2023-02-02 06:58:59'),
(217, 10, 55, '2023-02-02 06:58:59', '2023-02-02 06:58:59'),
(218, 4, 55, '2023-02-02 06:58:59', '2023-02-02 06:58:59'),
(219, 13, 55, '2023-02-02 06:58:59', '2023-02-02 06:58:59'),
(220, 11, 55, '2023-02-02 06:58:59', '2023-02-02 06:58:59'),
(221, 17, 56, '2023-02-02 06:59:00', '2023-02-02 06:59:00'),
(222, 5, 56, '2023-02-02 06:59:00', '2023-02-02 06:59:00'),
(223, 17, 56, '2023-02-02 06:59:00', '2023-02-02 06:59:00'),
(224, 2, 56, '2023-02-02 06:59:00', '2023-02-02 06:59:00'),
(225, 21, 57, '2023-02-02 06:59:00', '2023-02-02 06:59:00'),
(226, 13, 57, '2023-02-02 06:59:00', '2023-02-02 06:59:00'),
(227, 14, 57, '2023-02-02 06:59:00', '2023-02-02 06:59:00'),
(228, 22, 57, '2023-02-02 06:59:00', '2023-02-02 06:59:00'),
(229, 6, 58, '2023-02-02 06:59:00', '2023-02-02 06:59:00'),
(230, 19, 58, '2023-02-02 06:59:00', '2023-02-02 06:59:00'),
(231, 13, 58, '2023-02-02 06:59:00', '2023-02-02 06:59:00'),
(232, 5, 58, '2023-02-02 06:59:00', '2023-02-02 06:59:00'),
(233, 18, 59, '2023-02-02 06:59:00', '2023-02-02 06:59:00'),
(234, 18, 59, '2023-02-02 06:59:00', '2023-02-02 06:59:00'),
(235, 20, 59, '2023-02-02 06:59:00', '2023-02-02 06:59:00'),
(236, 7, 59, '2023-02-02 06:59:00', '2023-02-02 06:59:00'),
(237, 9, 60, '2023-02-02 06:59:00', '2023-02-02 06:59:00'),
(238, 7, 60, '2023-02-02 06:59:00', '2023-02-02 06:59:00'),
(239, 4, 60, '2023-02-02 06:59:01', '2023-02-02 06:59:01'),
(240, 1, 60, '2023-02-02 06:59:01', '2023-02-02 06:59:01'),
(241, 16, 61, '2023-02-02 06:59:01', '2023-02-02 06:59:01'),
(242, 15, 61, '2023-02-02 06:59:01', '2023-02-02 06:59:01'),
(243, 17, 61, '2023-02-02 06:59:01', '2023-02-02 06:59:01'),
(244, 17, 61, '2023-02-02 06:59:01', '2023-02-02 06:59:01'),
(245, 10, 62, '2023-02-02 06:59:01', '2023-02-02 06:59:01'),
(246, 17, 62, '2023-02-02 06:59:01', '2023-02-02 06:59:01'),
(247, 10, 62, '2023-02-02 06:59:01', '2023-02-02 06:59:01'),
(248, 10, 62, '2023-02-02 06:59:01', '2023-02-02 06:59:01'),
(249, 17, 63, '2023-02-02 06:59:01', '2023-02-02 06:59:01'),
(250, 23, 63, '2023-02-02 06:59:01', '2023-02-02 06:59:01'),
(251, 2, 63, '2023-02-02 06:59:01', '2023-02-02 06:59:01'),
(252, 3, 63, '2023-02-02 06:59:01', '2023-02-02 06:59:01'),
(253, 21, 64, '2023-02-02 06:59:01', '2023-02-02 06:59:01'),
(254, 18, 64, '2023-02-02 06:59:01', '2023-02-02 06:59:01'),
(255, 3, 64, '2023-02-02 06:59:01', '2023-02-02 06:59:01'),
(256, 19, 64, '2023-02-02 06:59:01', '2023-02-02 06:59:01'),
(257, 9, 65, '2023-02-02 06:59:02', '2023-02-02 06:59:02'),
(258, 20, 65, '2023-02-02 06:59:02', '2023-02-02 06:59:02'),
(259, 5, 65, '2023-02-02 06:59:02', '2023-02-02 06:59:02'),
(260, 14, 65, '2023-02-02 06:59:02', '2023-02-02 06:59:02'),
(261, 17, 66, '2023-02-02 06:59:02', '2023-02-02 06:59:02'),
(262, 23, 66, '2023-02-02 06:59:02', '2023-02-02 06:59:02'),
(263, 7, 66, '2023-02-02 06:59:02', '2023-02-02 06:59:02'),
(264, 5, 66, '2023-02-02 06:59:02', '2023-02-02 06:59:02'),
(265, 13, 67, '2023-02-02 06:59:02', '2023-02-02 06:59:02'),
(266, 1, 67, '2023-02-02 06:59:02', '2023-02-02 06:59:02'),
(267, 7, 67, '2023-02-02 06:59:02', '2023-02-02 06:59:02'),
(268, 21, 67, '2023-02-02 06:59:02', '2023-02-02 06:59:02'),
(269, 13, 68, '2023-02-02 06:59:02', '2023-02-02 06:59:02'),
(270, 17, 68, '2023-02-02 06:59:02', '2023-02-02 06:59:02'),
(271, 20, 68, '2023-02-02 06:59:02', '2023-02-02 06:59:02'),
(272, 7, 68, '2023-02-02 06:59:02', '2023-02-02 06:59:02'),
(273, 22, 69, '2023-02-02 06:59:02', '2023-02-02 06:59:02'),
(274, 24, 69, '2023-02-02 06:59:02', '2023-02-02 06:59:02'),
(275, 20, 69, '2023-02-02 06:59:02', '2023-02-02 06:59:02'),
(276, 10, 69, '2023-02-02 06:59:02', '2023-02-02 06:59:02'),
(277, 1, 70, '2023-02-02 06:59:02', '2023-02-02 06:59:02'),
(278, 3, 70, '2023-02-02 06:59:02', '2023-02-02 06:59:02'),
(279, 13, 70, '2023-02-02 06:59:03', '2023-02-02 06:59:03'),
(280, 4, 70, '2023-02-02 06:59:03', '2023-02-02 06:59:03'),
(281, 13, 71, '2023-02-02 06:59:03', '2023-02-02 06:59:03'),
(282, 23, 71, '2023-02-02 06:59:03', '2023-02-02 06:59:03'),
(283, 14, 71, '2023-02-02 06:59:03', '2023-02-02 06:59:03'),
(284, 22, 71, '2023-02-02 06:59:03', '2023-02-02 06:59:03'),
(285, 5, 72, '2023-02-02 06:59:03', '2023-02-02 06:59:03'),
(286, 19, 72, '2023-02-02 06:59:03', '2023-02-02 06:59:03'),
(287, 19, 72, '2023-02-02 06:59:03', '2023-02-02 06:59:03'),
(288, 11, 72, '2023-02-02 06:59:03', '2023-02-02 06:59:03'),
(289, 9, 73, '2023-02-02 06:59:03', '2023-02-02 06:59:03'),
(290, 2, 73, '2023-02-02 06:59:03', '2023-02-02 06:59:03'),
(291, 25, 73, '2023-02-02 06:59:03', '2023-02-02 06:59:03'),
(292, 8, 73, '2023-02-02 06:59:03', '2023-02-02 06:59:03'),
(293, 17, 74, '2023-02-02 06:59:03', '2023-02-02 06:59:03'),
(294, 21, 74, '2023-02-02 06:59:03', '2023-02-02 06:59:03'),
(295, 21, 74, '2023-02-02 06:59:03', '2023-02-02 06:59:03'),
(296, 8, 74, '2023-02-02 06:59:03', '2023-02-02 06:59:03'),
(297, 15, 75, '2023-02-02 06:59:03', '2023-02-02 06:59:03'),
(298, 8, 75, '2023-02-02 06:59:03', '2023-02-02 06:59:03'),
(299, 11, 75, '2023-02-02 06:59:03', '2023-02-02 06:59:03'),
(300, 16, 75, '2023-02-02 06:59:03', '2023-02-02 06:59:03'),
(301, 8, 76, '2023-02-02 06:59:04', '2023-02-02 06:59:04'),
(302, 9, 76, '2023-02-02 06:59:04', '2023-02-02 06:59:04'),
(303, 25, 76, '2023-02-02 06:59:04', '2023-02-02 06:59:04'),
(304, 17, 76, '2023-02-02 06:59:04', '2023-02-02 06:59:04'),
(305, 24, 77, '2023-02-02 06:59:04', '2023-02-02 06:59:04'),
(306, 22, 77, '2023-02-02 06:59:04', '2023-02-02 06:59:04'),
(307, 2, 77, '2023-02-02 06:59:04', '2023-02-02 06:59:04'),
(308, 8, 77, '2023-02-02 06:59:04', '2023-02-02 06:59:04'),
(309, 25, 78, '2023-02-02 06:59:04', '2023-02-02 06:59:04'),
(310, 18, 78, '2023-02-02 06:59:04', '2023-02-02 06:59:04'),
(311, 26, 78, '2023-02-02 06:59:04', '2023-02-02 06:59:04'),
(312, 4, 78, '2023-02-02 06:59:04', '2023-02-02 06:59:04'),
(313, 15, 79, '2023-02-02 06:59:04', '2023-02-02 06:59:04'),
(314, 6, 79, '2023-02-02 06:59:04', '2023-02-02 06:59:04'),
(315, 4, 79, '2023-02-02 06:59:04', '2023-02-02 06:59:04'),
(316, 4, 79, '2023-02-02 06:59:04', '2023-02-02 06:59:04'),
(317, 22, 80, '2023-02-02 06:59:04', '2023-02-02 06:59:04'),
(318, 20, 80, '2023-02-02 06:59:04', '2023-02-02 06:59:04'),
(319, 2, 80, '2023-02-02 06:59:04', '2023-02-02 06:59:04'),
(320, 12, 80, '2023-02-02 06:59:04', '2023-02-02 06:59:04'),
(321, 5, 81, '2023-02-02 06:59:05', '2023-02-02 06:59:05'),
(322, 18, 81, '2023-02-02 06:59:05', '2023-02-02 06:59:05'),
(323, 19, 81, '2023-02-02 06:59:05', '2023-02-02 06:59:05'),
(324, 6, 81, '2023-02-02 06:59:05', '2023-02-02 06:59:05'),
(325, 16, 82, '2023-02-02 06:59:05', '2023-02-02 06:59:05'),
(326, 21, 82, '2023-02-02 06:59:05', '2023-02-02 06:59:05'),
(327, 9, 82, '2023-02-02 06:59:05', '2023-02-02 06:59:05'),
(328, 14, 82, '2023-02-02 06:59:05', '2023-02-02 06:59:05'),
(329, 11, 83, '2023-02-02 06:59:05', '2023-02-02 06:59:05'),
(330, 24, 83, '2023-02-02 06:59:05', '2023-02-02 06:59:05'),
(331, 27, 83, '2023-02-02 06:59:05', '2023-02-02 06:59:05'),
(332, 12, 83, '2023-02-02 06:59:05', '2023-02-02 06:59:05'),
(333, 5, 84, '2023-02-02 06:59:05', '2023-02-02 06:59:05'),
(334, 15, 84, '2023-02-02 06:59:05', '2023-02-02 06:59:05'),
(335, 9, 84, '2023-02-02 06:59:05', '2023-02-02 06:59:05'),
(336, 26, 84, '2023-02-02 06:59:05', '2023-02-02 06:59:05'),
(337, 12, 85, '2023-02-02 06:59:05', '2023-02-02 06:59:05'),
(338, 25, 85, '2023-02-02 06:59:05', '2023-02-02 06:59:05'),
(339, 5, 85, '2023-02-02 06:59:05', '2023-02-02 06:59:05'),
(340, 7, 85, '2023-02-02 06:59:05', '2023-02-02 06:59:05'),
(341, 10, 86, '2023-02-02 06:59:05', '2023-02-02 06:59:05'),
(342, 19, 86, '2023-02-02 06:59:05', '2023-02-02 06:59:05'),
(343, 4, 86, '2023-02-02 06:59:05', '2023-02-02 06:59:05'),
(344, 27, 86, '2023-02-02 06:59:05', '2023-02-02 06:59:05'),
(345, 3, 87, '2023-02-02 06:59:06', '2023-02-02 06:59:06'),
(346, 25, 87, '2023-02-02 06:59:06', '2023-02-02 06:59:06'),
(347, 26, 87, '2023-02-02 06:59:06', '2023-02-02 06:59:06'),
(348, 2, 87, '2023-02-02 06:59:06', '2023-02-02 06:59:06'),
(349, 6, 88, '2023-02-02 06:59:06', '2023-02-02 06:59:06'),
(350, 12, 88, '2023-02-02 06:59:06', '2023-02-02 06:59:06'),
(351, 19, 88, '2023-02-02 06:59:06', '2023-02-02 06:59:06'),
(352, 21, 88, '2023-02-02 06:59:06', '2023-02-02 06:59:06'),
(353, 21, 89, '2023-02-02 06:59:06', '2023-02-02 06:59:06'),
(354, 10, 89, '2023-02-02 06:59:06', '2023-02-02 06:59:06'),
(355, 3, 89, '2023-02-02 06:59:06', '2023-02-02 06:59:06'),
(356, 2, 89, '2023-02-02 06:59:06', '2023-02-02 06:59:06'),
(357, 24, 90, '2023-02-02 06:59:06', '2023-02-02 06:59:06'),
(358, 6, 90, '2023-02-02 06:59:06', '2023-02-02 06:59:06'),
(359, 2, 90, '2023-02-02 06:59:06', '2023-02-02 06:59:06'),
(360, 22, 90, '2023-02-02 06:59:06', '2023-02-02 06:59:06'),
(361, 5, 91, '2023-02-02 06:59:06', '2023-02-02 06:59:06'),
(362, 16, 91, '2023-02-02 06:59:06', '2023-02-02 06:59:06'),
(363, 24, 91, '2023-02-02 06:59:06', '2023-02-02 06:59:06'),
(364, 7, 91, '2023-02-02 06:59:06', '2023-02-02 06:59:06'),
(365, 7, 92, '2023-02-02 06:59:06', '2023-02-02 06:59:06'),
(366, 25, 92, '2023-02-02 06:59:06', '2023-02-02 06:59:06'),
(367, 3, 92, '2023-02-02 06:59:06', '2023-02-02 06:59:06'),
(368, 27, 92, '2023-02-02 06:59:06', '2023-02-02 06:59:06'),
(369, 6, 93, '2023-02-02 06:59:07', '2023-02-02 06:59:07'),
(370, 1, 93, '2023-02-02 06:59:07', '2023-02-02 06:59:07'),
(371, 11, 93, '2023-02-02 06:59:07', '2023-02-02 06:59:07'),
(372, 19, 93, '2023-02-02 06:59:07', '2023-02-02 06:59:07'),
(373, 3, 94, '2023-02-02 06:59:07', '2023-02-02 06:59:07'),
(374, 8, 94, '2023-02-02 06:59:07', '2023-02-02 06:59:07'),
(375, 9, 94, '2023-02-02 06:59:07', '2023-02-02 06:59:07'),
(376, 25, 94, '2023-02-02 06:59:07', '2023-02-02 06:59:07'),
(377, 7, 95, '2023-02-02 06:59:07', '2023-02-02 06:59:07'),
(378, 12, 95, '2023-02-02 06:59:07', '2023-02-02 06:59:07'),
(379, 17, 95, '2023-02-02 06:59:07', '2023-02-02 06:59:07'),
(380, 2, 95, '2023-02-02 06:59:07', '2023-02-02 06:59:07'),
(381, 11, 96, '2023-02-02 06:59:07', '2023-02-02 06:59:07'),
(382, 7, 96, '2023-02-02 06:59:07', '2023-02-02 06:59:07'),
(383, 17, 96, '2023-02-02 06:59:07', '2023-02-02 06:59:07'),
(384, 23, 96, '2023-02-02 06:59:08', '2023-02-02 06:59:08'),
(385, 23, 97, '2023-02-02 06:59:08', '2023-02-02 06:59:08'),
(386, 20, 97, '2023-02-02 06:59:08', '2023-02-02 06:59:08'),
(387, 9, 97, '2023-02-02 06:59:08', '2023-02-02 06:59:08'),
(388, 28, 97, '2023-02-02 06:59:08', '2023-02-02 06:59:08'),
(389, 29, 98, '2023-02-02 06:59:08', '2023-02-02 06:59:08'),
(390, 3, 98, '2023-02-02 06:59:08', '2023-02-02 06:59:08'),
(391, 23, 98, '2023-02-02 06:59:08', '2023-02-02 06:59:08'),
(392, 23, 98, '2023-02-02 06:59:08', '2023-02-02 06:59:08'),
(393, 23, 99, '2023-02-02 06:59:08', '2023-02-02 06:59:08'),
(394, 26, 99, '2023-02-02 06:59:08', '2023-02-02 06:59:08'),
(395, 28, 99, '2023-02-02 06:59:08', '2023-02-02 06:59:08'),
(396, 11, 99, '2023-02-02 06:59:08', '2023-02-02 06:59:08'),
(397, 3, 100, '2023-02-02 06:59:08', '2023-02-02 06:59:08'),
(398, 27, 100, '2023-02-02 06:59:08', '2023-02-02 06:59:08'),
(399, 2, 100, '2023-02-02 06:59:09', '2023-02-02 06:59:09'),
(400, 21, 100, '2023-02-02 06:59:09', '2023-02-02 06:59:09'),
(401, 3, 101, '2023-02-02 06:59:09', '2023-02-02 06:59:09'),
(402, 24, 101, '2023-02-02 06:59:09', '2023-02-02 06:59:09'),
(403, 18, 101, '2023-02-02 06:59:09', '2023-02-02 06:59:09'),
(404, 15, 101, '2023-02-02 06:59:09', '2023-02-02 06:59:09'),
(405, 3, 102, '2023-02-02 06:59:09', '2023-02-02 06:59:09'),
(406, 7, 102, '2023-02-02 06:59:09', '2023-02-02 06:59:09'),
(407, 29, 102, '2023-02-02 06:59:09', '2023-02-02 06:59:09'),
(408, 17, 102, '2023-02-02 06:59:09', '2023-02-02 06:59:09'),
(409, 23, 103, '2023-02-02 06:59:09', '2023-02-02 06:59:09'),
(410, 8, 103, '2023-02-02 06:59:09', '2023-02-02 06:59:09'),
(411, 27, 103, '2023-02-02 06:59:09', '2023-02-02 06:59:09'),
(412, 2, 103, '2023-02-02 06:59:09', '2023-02-02 06:59:09'),
(413, 12, 104, '2023-02-02 06:59:09', '2023-02-02 06:59:09'),
(414, 25, 104, '2023-02-02 06:59:09', '2023-02-02 06:59:09'),
(415, 29, 104, '2023-02-02 06:59:09', '2023-02-02 06:59:09'),
(416, 7, 104, '2023-02-02 06:59:10', '2023-02-02 06:59:10'),
(417, 19, 105, '2023-02-02 06:59:10', '2023-02-02 06:59:10'),
(418, 17, 105, '2023-02-02 06:59:10', '2023-02-02 06:59:10'),
(419, 18, 105, '2023-02-02 06:59:10', '2023-02-02 06:59:10'),
(420, 20, 105, '2023-02-02 06:59:10', '2023-02-02 06:59:10'),
(421, 10, 106, '2023-02-02 06:59:10', '2023-02-02 06:59:10'),
(422, 12, 106, '2023-02-02 06:59:10', '2023-02-02 06:59:10'),
(423, 27, 106, '2023-02-02 06:59:10', '2023-02-02 06:59:10'),
(424, 32, 106, '2023-02-02 06:59:10', '2023-02-02 06:59:10'),
(425, 10, 107, '2023-02-02 06:59:10', '2023-02-02 06:59:10'),
(426, 32, 107, '2023-02-02 06:59:10', '2023-02-02 06:59:10'),
(427, 29, 107, '2023-02-02 06:59:10', '2023-02-02 06:59:10'),
(428, 7, 107, '2023-02-02 06:59:10', '2023-02-02 06:59:10'),
(429, 27, 108, '2023-02-02 06:59:10', '2023-02-02 06:59:10'),
(430, 29, 108, '2023-02-02 06:59:10', '2023-02-02 06:59:10'),
(431, 10, 108, '2023-02-02 06:59:10', '2023-02-02 06:59:10'),
(432, 30, 108, '2023-02-02 06:59:10', '2023-02-02 06:59:10'),
(433, 32, 109, '2023-02-02 06:59:10', '2023-02-02 06:59:10'),
(434, 21, 109, '2023-02-02 06:59:11', '2023-02-02 06:59:11'),
(435, 3, 109, '2023-02-02 06:59:11', '2023-02-02 06:59:11'),
(436, 9, 109, '2023-02-02 06:59:11', '2023-02-02 06:59:11'),
(437, 17, 110, '2023-02-02 06:59:11', '2023-02-02 06:59:11'),
(438, 2, 110, '2023-02-02 06:59:11', '2023-02-02 06:59:11'),
(439, 20, 110, '2023-02-02 06:59:11', '2023-02-02 06:59:11'),
(440, 7, 110, '2023-02-02 06:59:11', '2023-02-02 06:59:11'),
(441, 10, 111, '2023-02-02 06:59:11', '2023-02-02 06:59:11'),
(442, 26, 111, '2023-02-02 06:59:11', '2023-02-02 06:59:11'),
(443, 24, 111, '2023-02-02 06:59:11', '2023-02-02 06:59:11'),
(444, 6, 111, '2023-02-02 06:59:11', '2023-02-02 06:59:11'),
(445, 11, 112, '2023-02-02 06:59:11', '2023-02-02 06:59:11'),
(446, 33, 112, '2023-02-02 06:59:11', '2023-02-02 06:59:11'),
(447, 27, 112, '2023-02-02 06:59:11', '2023-02-02 06:59:11'),
(448, 23, 112, '2023-02-02 06:59:12', '2023-02-02 06:59:12'),
(449, 31, 113, '2023-02-02 06:59:12', '2023-02-02 06:59:12'),
(450, 10, 113, '2023-02-02 06:59:12', '2023-02-02 06:59:12'),
(451, 24, 113, '2023-02-02 06:59:12', '2023-02-02 06:59:12'),
(452, 22, 113, '2023-02-02 06:59:12', '2023-02-02 06:59:12'),
(453, 33, 114, '2023-02-02 06:59:12', '2023-02-02 06:59:12'),
(454, 11, 114, '2023-02-02 06:59:12', '2023-02-02 06:59:12'),
(455, 4, 114, '2023-02-02 06:59:12', '2023-02-02 06:59:12'),
(456, 7, 114, '2023-02-02 06:59:12', '2023-02-02 06:59:12'),
(457, 32, 115, '2023-02-02 06:59:12', '2023-02-02 06:59:12'),
(458, 25, 115, '2023-02-02 06:59:12', '2023-02-02 06:59:12'),
(459, 23, 115, '2023-02-02 06:59:12', '2023-02-02 06:59:12'),
(460, 3, 115, '2023-02-02 06:59:12', '2023-02-02 06:59:12'),
(461, 26, 116, '2023-02-02 06:59:12', '2023-02-02 06:59:12'),
(462, 27, 116, '2023-02-02 06:59:12', '2023-02-02 06:59:12'),
(463, 11, 116, '2023-02-02 06:59:12', '2023-02-02 06:59:12'),
(464, 33, 116, '2023-02-02 06:59:12', '2023-02-02 06:59:12'),
(465, 6, 117, '2023-02-02 06:59:12', '2023-02-02 06:59:12'),
(466, 28, 117, '2023-02-02 06:59:12', '2023-02-02 06:59:12'),
(467, 10, 117, '2023-02-02 06:59:13', '2023-02-02 06:59:13'),
(468, 11, 117, '2023-02-02 06:59:13', '2023-02-02 06:59:13'),
(469, 25, 118, '2023-02-02 06:59:13', '2023-02-02 06:59:13'),
(470, 26, 118, '2023-02-02 06:59:13', '2023-02-02 06:59:13'),
(471, 4, 118, '2023-02-02 06:59:13', '2023-02-02 06:59:13'),
(472, 4, 118, '2023-02-02 06:59:13', '2023-02-02 06:59:13'),
(473, 25, 119, '2023-02-02 06:59:13', '2023-02-02 06:59:13'),
(474, 21, 119, '2023-02-02 06:59:13', '2023-02-02 06:59:13'),
(475, 2, 119, '2023-02-02 06:59:13', '2023-02-02 06:59:13'),
(476, 16, 119, '2023-02-02 06:59:13', '2023-02-02 06:59:13'),
(477, 24, 120, '2023-02-02 06:59:13', '2023-02-02 06:59:13'),
(478, 5, 120, '2023-02-02 06:59:13', '2023-02-02 06:59:13'),
(479, 30, 120, '2023-02-02 06:59:13', '2023-02-02 06:59:13'),
(480, 32, 120, '2023-02-02 06:59:13', '2023-02-02 06:59:13'),
(481, 28, 121, '2023-02-02 06:59:13', '2023-02-02 06:59:13'),
(482, 21, 121, '2023-02-02 06:59:13', '2023-02-02 06:59:13'),
(483, 30, 121, '2023-02-02 06:59:13', '2023-02-02 06:59:13'),
(484, 24, 121, '2023-02-02 06:59:13', '2023-02-02 06:59:13'),
(485, 30, 122, '2023-02-02 06:59:13', '2023-02-02 06:59:13'),
(486, 34, 122, '2023-02-02 06:59:13', '2023-02-02 06:59:13'),
(487, 7, 122, '2023-02-02 06:59:13', '2023-02-02 06:59:13'),
(488, 21, 122, '2023-02-02 06:59:14', '2023-02-02 06:59:14'),
(489, 1, 123, '2023-02-02 06:59:14', '2023-02-02 06:59:14'),
(490, 23, 123, '2023-02-02 06:59:14', '2023-02-02 06:59:14'),
(491, 32, 123, '2023-02-02 06:59:14', '2023-02-02 06:59:14'),
(492, 16, 123, '2023-02-02 06:59:14', '2023-02-02 06:59:14'),
(493, 9, 124, '2023-02-02 06:59:14', '2023-02-02 06:59:14'),
(494, 27, 124, '2023-02-02 06:59:14', '2023-02-02 06:59:14'),
(495, 8, 124, '2023-02-02 06:59:14', '2023-02-02 06:59:14'),
(496, 24, 124, '2023-02-02 06:59:14', '2023-02-02 06:59:14'),
(497, 21, 125, '2023-02-02 06:59:14', '2023-02-02 06:59:14'),
(498, 20, 125, '2023-02-02 06:59:14', '2023-02-02 06:59:14'),
(499, 26, 125, '2023-02-02 06:59:14', '2023-02-02 06:59:14'),
(500, 18, 125, '2023-02-02 06:59:14', '2023-02-02 06:59:14'),
(501, 19, 126, '2023-02-02 06:59:14', '2023-02-02 06:59:14'),
(502, 9, 126, '2023-02-02 06:59:14', '2023-02-02 06:59:14'),
(503, 2, 126, '2023-02-02 06:59:14', '2023-02-02 06:59:14'),
(504, 8, 126, '2023-02-02 06:59:14', '2023-02-02 06:59:14'),
(505, 16, 127, '2023-02-02 06:59:14', '2023-02-02 06:59:14'),
(506, 15, 127, '2023-02-02 06:59:14', '2023-02-02 06:59:14'),
(507, 6, 127, '2023-02-02 06:59:14', '2023-02-02 06:59:14'),
(508, 3, 127, '2023-02-02 06:59:14', '2023-02-02 06:59:14'),
(509, 29, 128, '2023-02-02 06:59:15', '2023-02-02 06:59:15'),
(510, 13, 128, '2023-02-02 06:59:15', '2023-02-02 06:59:15'),
(511, 29, 128, '2023-02-02 06:59:15', '2023-02-02 06:59:15'),
(512, 18, 128, '2023-02-02 06:59:15', '2023-02-02 06:59:15'),
(513, 27, 129, '2023-02-02 06:59:15', '2023-02-02 06:59:15'),
(514, 21, 129, '2023-02-02 06:59:15', '2023-02-02 06:59:15'),
(515, 10, 129, '2023-02-02 06:59:15', '2023-02-02 06:59:15'),
(516, 20, 129, '2023-02-02 06:59:15', '2023-02-02 06:59:15'),
(517, 3, 130, '2023-02-02 06:59:15', '2023-02-02 06:59:15'),
(518, 19, 130, '2023-02-02 06:59:15', '2023-02-02 06:59:15'),
(519, 34, 130, '2023-02-02 06:59:15', '2023-02-02 06:59:15'),
(520, 26, 130, '2023-02-02 06:59:15', '2023-02-02 06:59:15'),
(521, 6, 131, '2023-02-02 06:59:15', '2023-02-02 06:59:15'),
(522, 19, 131, '2023-02-02 06:59:15', '2023-02-02 06:59:15'),
(523, 32, 131, '2023-02-02 06:59:15', '2023-02-02 06:59:15'),
(524, 18, 131, '2023-02-02 06:59:15', '2023-02-02 06:59:15'),
(525, 31, 132, '2023-02-02 06:59:15', '2023-02-02 06:59:15'),
(526, 31, 132, '2023-02-02 06:59:15', '2023-02-02 06:59:15'),
(527, 32, 132, '2023-02-02 06:59:16', '2023-02-02 06:59:16'),
(528, 26, 132, '2023-02-02 06:59:16', '2023-02-02 06:59:16'),
(529, 22, 133, '2023-02-02 06:59:16', '2023-02-02 06:59:16'),
(530, 33, 133, '2023-02-02 06:59:16', '2023-02-02 06:59:16'),
(531, 14, 133, '2023-02-02 06:59:16', '2023-02-02 06:59:16'),
(532, 2, 133, '2023-02-02 06:59:16', '2023-02-02 06:59:16'),
(533, 3, 134, '2023-02-02 06:59:16', '2023-02-02 06:59:16'),
(534, 33, 134, '2023-02-02 06:59:16', '2023-02-02 06:59:16'),
(535, 25, 134, '2023-02-02 06:59:16', '2023-02-02 06:59:16'),
(536, 34, 134, '2023-02-02 06:59:16', '2023-02-02 06:59:16'),
(537, 23, 135, '2023-02-02 06:59:16', '2023-02-02 06:59:16'),
(538, 24, 135, '2023-02-02 06:59:16', '2023-02-02 06:59:16'),
(539, 31, 135, '2023-02-02 06:59:16', '2023-02-02 06:59:16'),
(540, 11, 135, '2023-02-02 06:59:16', '2023-02-02 06:59:16'),
(541, 10, 136, '2023-02-02 06:59:16', '2023-02-02 06:59:16'),
(542, 5, 136, '2023-02-02 06:59:16', '2023-02-02 06:59:16'),
(543, 15, 136, '2023-02-02 06:59:16', '2023-02-02 06:59:16'),
(544, 34, 136, '2023-02-02 06:59:16', '2023-02-02 06:59:16'),
(545, 31, 137, '2023-02-02 06:59:16', '2023-02-02 06:59:16'),
(546, 18, 137, '2023-02-02 06:59:16', '2023-02-02 06:59:16'),
(547, 14, 137, '2023-02-02 06:59:16', '2023-02-02 06:59:16'),
(548, 29, 137, '2023-02-02 06:59:16', '2023-02-02 06:59:16'),
(549, 27, 138, '2023-02-02 06:59:17', '2023-02-02 06:59:17'),
(550, 7, 138, '2023-02-02 06:59:17', '2023-02-02 06:59:17'),
(551, 32, 138, '2023-02-02 06:59:17', '2023-02-02 06:59:17'),
(552, 38, 138, '2023-02-02 06:59:17', '2023-02-02 06:59:17'),
(553, 17, 139, '2023-02-02 06:59:17', '2023-02-02 06:59:17'),
(554, 34, 139, '2023-02-02 06:59:17', '2023-02-02 06:59:17'),
(555, 26, 139, '2023-02-02 06:59:17', '2023-02-02 06:59:17'),
(556, 33, 139, '2023-02-02 06:59:17', '2023-02-02 06:59:17'),
(557, 29, 140, '2023-02-02 06:59:17', '2023-02-02 06:59:17'),
(558, 24, 140, '2023-02-02 06:59:17', '2023-02-02 06:59:17'),
(559, 8, 140, '2023-02-02 06:59:17', '2023-02-02 06:59:17'),
(560, 36, 140, '2023-02-02 06:59:17', '2023-02-02 06:59:17'),
(561, 1, 141, '2023-02-02 06:59:17', '2023-02-02 06:59:17'),
(562, 2, 141, '2023-02-02 06:59:17', '2023-02-02 06:59:17'),
(563, 25, 141, '2023-02-02 06:59:17', '2023-02-02 06:59:17'),
(564, 9, 141, '2023-02-02 06:59:17', '2023-02-02 06:59:17'),
(565, 4, 142, '2023-02-02 06:59:18', '2023-02-02 06:59:18'),
(566, 2, 142, '2023-02-02 06:59:18', '2023-02-02 06:59:18'),
(567, 28, 142, '2023-02-02 06:59:18', '2023-02-02 06:59:18'),
(568, 33, 142, '2023-02-02 06:59:18', '2023-02-02 06:59:18'),
(569, 25, 143, '2023-02-02 06:59:18', '2023-02-02 06:59:18'),
(570, 23, 143, '2023-02-02 06:59:18', '2023-02-02 06:59:18'),
(571, 1, 143, '2023-02-02 06:59:18', '2023-02-02 06:59:18'),
(572, 14, 143, '2023-02-02 06:59:18', '2023-02-02 06:59:18'),
(573, 38, 144, '2023-02-02 06:59:18', '2023-02-02 06:59:18'),
(574, 26, 144, '2023-02-02 06:59:18', '2023-02-02 06:59:18'),
(575, 29, 144, '2023-02-02 06:59:18', '2023-02-02 06:59:18'),
(576, 14, 144, '2023-02-02 06:59:18', '2023-02-02 06:59:18'),
(577, 16, 145, '2023-02-02 06:59:18', '2023-02-02 06:59:18'),
(578, 5, 145, '2023-02-02 06:59:18', '2023-02-02 06:59:18'),
(579, 31, 145, '2023-02-02 06:59:18', '2023-02-02 06:59:18'),
(580, 37, 145, '2023-02-02 06:59:18', '2023-02-02 06:59:18'),
(581, 7, 146, '2023-02-02 06:59:18', '2023-02-02 06:59:18'),
(582, 33, 146, '2023-02-02 06:59:19', '2023-02-02 06:59:19'),
(583, 22, 146, '2023-02-02 06:59:19', '2023-02-02 06:59:19'),
(584, 15, 146, '2023-02-02 06:59:19', '2023-02-02 06:59:19'),
(585, 15, 147, '2023-02-02 06:59:19', '2023-02-02 06:59:19'),
(586, 2, 147, '2023-02-02 06:59:19', '2023-02-02 06:59:19'),
(587, 34, 147, '2023-02-02 06:59:19', '2023-02-02 06:59:19'),
(588, 21, 147, '2023-02-02 06:59:19', '2023-02-02 06:59:19'),
(589, 2, 148, '2023-02-02 06:59:19', '2023-02-02 06:59:19'),
(590, 24, 148, '2023-02-02 06:59:19', '2023-02-02 06:59:19'),
(591, 37, 148, '2023-02-02 06:59:19', '2023-02-02 06:59:19'),
(592, 36, 148, '2023-02-02 06:59:19', '2023-02-02 06:59:19'),
(593, 18, 149, '2023-02-02 06:59:19', '2023-02-02 06:59:19'),
(594, 24, 149, '2023-02-02 06:59:19', '2023-02-02 06:59:19'),
(595, 23, 149, '2023-02-02 06:59:19', '2023-02-02 06:59:19'),
(596, 2, 149, '2023-02-02 06:59:19', '2023-02-02 06:59:19'),
(597, 23, 150, '2023-02-02 06:59:19', '2023-02-02 06:59:19'),
(598, 28, 150, '2023-02-02 06:59:19', '2023-02-02 06:59:19'),
(599, 16, 150, '2023-02-02 06:59:19', '2023-02-02 06:59:19'),
(600, 4, 150, '2023-02-02 06:59:20', '2023-02-02 06:59:20'),
(601, 30, 151, '2023-02-02 06:59:20', '2023-02-02 06:59:20'),
(602, 31, 151, '2023-02-02 06:59:20', '2023-02-02 06:59:20'),
(603, 33, 151, '2023-02-02 06:59:20', '2023-02-02 06:59:20'),
(604, 23, 151, '2023-02-02 06:59:20', '2023-02-02 06:59:20'),
(605, 28, 152, '2023-02-02 06:59:20', '2023-02-02 06:59:20'),
(606, 32, 152, '2023-02-02 06:59:20', '2023-02-02 06:59:20'),
(607, 37, 152, '2023-02-02 06:59:20', '2023-02-02 06:59:20'),
(608, 11, 152, '2023-02-02 06:59:20', '2023-02-02 06:59:20'),
(609, 30, 153, '2023-02-02 06:59:20', '2023-02-02 06:59:20'),
(610, 16, 153, '2023-02-02 06:59:20', '2023-02-02 06:59:20'),
(611, 16, 153, '2023-02-02 06:59:20', '2023-02-02 06:59:20'),
(612, 24, 153, '2023-02-02 06:59:20', '2023-02-02 06:59:20'),
(613, 41, 154, '2023-02-02 06:59:20', '2023-02-02 06:59:20'),
(614, 18, 154, '2023-02-02 06:59:20', '2023-02-02 06:59:20'),
(615, 40, 154, '2023-02-02 06:59:20', '2023-02-02 06:59:20'),
(616, 39, 154, '2023-02-02 06:59:20', '2023-02-02 06:59:20'),
(617, 1, 155, '2023-02-02 06:59:20', '2023-02-02 06:59:20'),
(618, 19, 155, '2023-02-02 06:59:20', '2023-02-02 06:59:20'),
(619, 30, 155, '2023-02-02 06:59:21', '2023-02-02 06:59:21'),
(620, 24, 155, '2023-02-02 06:59:21', '2023-02-02 06:59:21'),
(621, 39, 156, '2023-02-02 06:59:21', '2023-02-02 06:59:21'),
(622, 11, 156, '2023-02-02 06:59:21', '2023-02-02 06:59:21'),
(623, 32, 156, '2023-02-02 06:59:21', '2023-02-02 06:59:21'),
(624, 18, 156, '2023-02-02 06:59:21', '2023-02-02 06:59:21'),
(625, 10, 157, '2023-02-02 06:59:21', '2023-02-02 06:59:21'),
(626, 6, 157, '2023-02-02 06:59:21', '2023-02-02 06:59:21'),
(627, 40, 157, '2023-02-02 06:59:21', '2023-02-02 06:59:21'),
(628, 29, 157, '2023-02-02 06:59:21', '2023-02-02 06:59:21'),
(629, 41, 158, '2023-02-02 06:59:21', '2023-02-02 06:59:21'),
(630, 12, 158, '2023-02-02 06:59:21', '2023-02-02 06:59:21'),
(631, 20, 158, '2023-02-02 06:59:21', '2023-02-02 06:59:21'),
(632, 35, 158, '2023-02-02 06:59:21', '2023-02-02 06:59:21'),
(633, 36, 159, '2023-02-02 06:59:21', '2023-02-02 06:59:21'),
(634, 2, 159, '2023-02-02 06:59:21', '2023-02-02 06:59:21'),
(635, 23, 159, '2023-02-02 06:59:21', '2023-02-02 06:59:21'),
(636, 35, 159, '2023-02-02 06:59:21', '2023-02-02 06:59:21'),
(637, 6, 160, '2023-02-02 06:59:21', '2023-02-02 06:59:21'),
(638, 21, 160, '2023-02-02 06:59:21', '2023-02-02 06:59:21'),
(639, 4, 160, '2023-02-02 06:59:21', '2023-02-02 06:59:21'),
(640, 14, 160, '2023-02-02 06:59:21', '2023-02-02 06:59:21'),
(641, 5, 161, '2023-02-02 06:59:22', '2023-02-02 06:59:22'),
(642, 21, 161, '2023-02-02 06:59:22', '2023-02-02 06:59:22'),
(643, 23, 161, '2023-02-02 06:59:22', '2023-02-02 06:59:22'),
(644, 24, 161, '2023-02-02 06:59:22', '2023-02-02 06:59:22'),
(645, 29, 162, '2023-02-02 06:59:22', '2023-02-02 06:59:22'),
(646, 31, 162, '2023-02-02 06:59:22', '2023-02-02 06:59:22'),
(647, 12, 162, '2023-02-02 06:59:22', '2023-02-02 06:59:22'),
(648, 41, 162, '2023-02-02 06:59:22', '2023-02-02 06:59:22'),
(649, 27, 163, '2023-02-02 06:59:22', '2023-02-02 06:59:22'),
(650, 30, 163, '2023-02-02 06:59:22', '2023-02-02 06:59:22'),
(651, 40, 163, '2023-02-02 06:59:22', '2023-02-02 06:59:22'),
(652, 12, 163, '2023-02-02 06:59:22', '2023-02-02 06:59:22'),
(653, 15, 164, '2023-02-02 06:59:22', '2023-02-02 06:59:22'),
(654, 41, 164, '2023-02-02 06:59:22', '2023-02-02 06:59:22'),
(655, 14, 164, '2023-02-02 06:59:22', '2023-02-02 06:59:22'),
(656, 16, 164, '2023-02-02 06:59:22', '2023-02-02 06:59:22'),
(657, 29, 165, '2023-02-02 06:59:22', '2023-02-02 06:59:22'),
(658, 6, 165, '2023-02-02 06:59:22', '2023-02-02 06:59:22'),
(659, 40, 165, '2023-02-02 06:59:22', '2023-02-02 06:59:22'),
(660, 7, 165, '2023-02-02 06:59:22', '2023-02-02 06:59:22'),
(661, 32, 166, '2023-02-02 06:59:23', '2023-02-02 06:59:23'),
(662, 43, 166, '2023-02-02 06:59:23', '2023-02-02 06:59:23'),
(663, 10, 166, '2023-02-02 06:59:23', '2023-02-02 06:59:23'),
(664, 17, 166, '2023-02-02 06:59:23', '2023-02-02 06:59:23'),
(665, 40, 167, '2023-02-02 06:59:23', '2023-02-02 06:59:23'),
(666, 4, 167, '2023-02-02 06:59:23', '2023-02-02 06:59:23'),
(667, 17, 167, '2023-02-02 06:59:23', '2023-02-02 06:59:23'),
(668, 20, 167, '2023-02-02 06:59:23', '2023-02-02 06:59:23'),
(669, 42, 168, '2023-02-02 06:59:23', '2023-02-02 06:59:23'),
(670, 25, 168, '2023-02-02 06:59:23', '2023-02-02 06:59:23'),
(671, 16, 168, '2023-02-02 06:59:23', '2023-02-02 06:59:23'),
(672, 6, 168, '2023-02-02 06:59:23', '2023-02-02 06:59:23'),
(673, 35, 169, '2023-02-02 06:59:23', '2023-02-02 06:59:23'),
(674, 2, 169, '2023-02-02 06:59:23', '2023-02-02 06:59:23'),
(675, 9, 169, '2023-02-02 06:59:23', '2023-02-02 06:59:23'),
(676, 14, 169, '2023-02-02 06:59:23', '2023-02-02 06:59:23'),
(677, 41, 170, '2023-02-02 06:59:23', '2023-02-02 06:59:23'),
(678, 7, 170, '2023-02-02 06:59:23', '2023-02-02 06:59:23'),
(679, 7, 170, '2023-02-02 06:59:23', '2023-02-02 06:59:23'),
(680, 29, 170, '2023-02-02 06:59:24', '2023-02-02 06:59:24'),
(681, 19, 171, '2023-02-02 06:59:24', '2023-02-02 06:59:24'),
(682, 29, 171, '2023-02-02 06:59:24', '2023-02-02 06:59:24'),
(683, 14, 171, '2023-02-02 06:59:24', '2023-02-02 06:59:24'),
(684, 4, 171, '2023-02-02 06:59:24', '2023-02-02 06:59:24'),
(685, 45, 172, '2023-02-02 06:59:24', '2023-02-02 06:59:24'),
(686, 24, 172, '2023-02-02 06:59:24', '2023-02-02 06:59:24'),
(687, 42, 172, '2023-02-02 06:59:24', '2023-02-02 06:59:24'),
(688, 11, 172, '2023-02-02 06:59:24', '2023-02-02 06:59:24'),
(689, 21, 173, '2023-02-02 06:59:24', '2023-02-02 06:59:24'),
(690, 43, 173, '2023-02-02 06:59:24', '2023-02-02 06:59:24'),
(691, 11, 173, '2023-02-02 06:59:24', '2023-02-02 06:59:24'),
(692, 35, 173, '2023-02-02 06:59:24', '2023-02-02 06:59:24'),
(693, 4, 174, '2023-02-02 06:59:24', '2023-02-02 06:59:24'),
(694, 34, 174, '2023-02-02 06:59:24', '2023-02-02 06:59:24'),
(695, 20, 174, '2023-02-02 06:59:24', '2023-02-02 06:59:24'),
(696, 33, 174, '2023-02-02 06:59:24', '2023-02-02 06:59:24'),
(697, 19, 175, '2023-02-02 06:59:24', '2023-02-02 06:59:24'),
(698, 33, 175, '2023-02-02 06:59:25', '2023-02-02 06:59:25'),
(699, 41, 175, '2023-02-02 06:59:25', '2023-02-02 06:59:25'),
(700, 13, 175, '2023-02-02 06:59:25', '2023-02-02 06:59:25'),
(701, 26, 176, '2023-02-02 06:59:25', '2023-02-02 06:59:25'),
(702, 40, 176, '2023-02-02 06:59:25', '2023-02-02 06:59:25'),
(703, 27, 176, '2023-02-02 06:59:25', '2023-02-02 06:59:25'),
(704, 17, 176, '2023-02-02 06:59:25', '2023-02-02 06:59:25'),
(705, 8, 177, '2023-02-02 06:59:25', '2023-02-02 06:59:25'),
(706, 18, 177, '2023-02-02 06:59:25', '2023-02-02 06:59:25'),
(707, 6, 177, '2023-02-02 06:59:25', '2023-02-02 06:59:25'),
(708, 1, 177, '2023-02-02 06:59:25', '2023-02-02 06:59:25'),
(709, 32, 178, '2023-02-02 06:59:25', '2023-02-02 06:59:25'),
(710, 3, 178, '2023-02-02 06:59:25', '2023-02-02 06:59:25'),
(711, 46, 178, '2023-02-02 06:59:25', '2023-02-02 06:59:25'),
(712, 11, 178, '2023-02-02 06:59:25', '2023-02-02 06:59:25'),
(713, 41, 179, '2023-02-02 06:59:25', '2023-02-02 06:59:25'),
(714, 19, 179, '2023-02-02 06:59:25', '2023-02-02 06:59:25'),
(715, 22, 179, '2023-02-02 06:59:25', '2023-02-02 06:59:25'),
(716, 33, 179, '2023-02-02 06:59:26', '2023-02-02 06:59:26'),
(717, 27, 180, '2023-02-02 06:59:26', '2023-02-02 06:59:26'),
(718, 9, 180, '2023-02-02 06:59:26', '2023-02-02 06:59:26'),
(719, 24, 180, '2023-02-02 06:59:26', '2023-02-02 06:59:26'),
(720, 38, 180, '2023-02-02 06:59:26', '2023-02-02 06:59:26');

-- --------------------------------------------------------

--
-- Estructura de tabla para la tabla `centro_de_costos`
--

CREATE TABLE `centro_de_costos` (
  `id` bigint(20) UNSIGNED NOT NULL,
  `codigo` varchar(255) NOT NULL,
  `descripcion` varchar(255) NOT NULL,
  `sede_id` bigint(20) UNSIGNED NOT NULL,
  `monto` decimal(8,2) NOT NULL,
  `created_at` timestamp NULL DEFAULT NULL,
  `updated_at` timestamp NULL DEFAULT NULL
) ENGINE=InnoDB DEFAULT CHARSET=utf8mb4;

--
-- Volcado de datos para la tabla `centro_de_costos`
--

INSERT INTO `centro_de_costos` (`id`, `codigo`, `descripcion`, `sede_id`, `monto`, `created_at`, `updated_at`) VALUES
(1, '609293', 'jyhajqzp', 1, '0.00', '2023-02-02 06:58:46', '2023-02-02 06:58:46'),
(2, '668479', 'dpauoety', 1, '0.00', '2023-02-02 06:58:46', '2023-02-02 06:58:46'),
(3, '856632', 'baqvyoip', 2, '0.00', '2023-02-02 06:58:47', '2023-02-02 06:58:47'),
(4, '138809', 'ndpjmhuv', 2, '0.00', '2023-02-02 06:58:47', '2023-02-02 06:58:47');

-- --------------------------------------------------------

--
-- Estructura de tabla para la tabla `componente_por_implementos`
--

CREATE TABLE `componente_por_implementos` (
  `id` bigint(20) UNSIGNED NOT NULL,
  `articulo_id` bigint(20) UNSIGNED NOT NULL,
  `implemento_id` bigint(20) UNSIGNED NOT NULL,
  `horas` decimal(8,2) NOT NULL DEFAULT 0.00,
  `estado` enum('EN USO','PARA CAMBIO','CAMBIO ORDENADO','CAMBIADO') NOT NULL DEFAULT 'EN USO',
  `created_at` timestamp NULL DEFAULT NULL,
  `updated_at` timestamp NULL DEFAULT NULL
) ENGINE=InnoDB DEFAULT CHARSET=utf8mb4;

--
-- Volcado de datos para la tabla `componente_por_implementos`
--

INSERT INTO `componente_por_implementos` (`id`, `articulo_id`, `implemento_id`, `horas`, `estado`, `created_at`, `updated_at`) VALUES
(1, 40, 2, '0.00', 'EN USO', NULL, NULL),
(2, 40, 1, '0.00', 'EN USO', NULL, NULL),
(3, 40, 3, '0.00', 'EN USO', NULL, NULL),
(4, 36, 2, '0.00', 'EN USO', NULL, NULL),
(5, 36, 1, '0.00', 'EN USO', NULL, NULL),
(6, 36, 3, '0.00', 'EN USO', NULL, NULL),
(7, 22, 2, '0.00', 'EN USO', NULL, NULL),
(8, 22, 1, '0.00', 'EN USO', NULL, NULL),
(9, 22, 3, '0.00', 'EN USO', NULL, NULL),
(10, 27, 4, '0.00', 'EN USO', NULL, NULL),
(11, 27, 5, '0.00', 'EN USO', NULL, NULL),
(12, 27, 6, '0.00', 'EN USO', NULL, NULL),
(13, 7, 4, '0.00', 'EN USO', NULL, NULL),
(14, 7, 5, '0.00', 'EN USO', NULL, NULL),
(15, 7, 6, '0.00', 'EN USO', NULL, NULL),
(16, 31, 4, '0.00', 'EN USO', NULL, NULL),
(17, 31, 5, '0.00', 'EN USO', NULL, NULL),
(18, 31, 6, '0.00', 'EN USO', NULL, NULL);

-- --------------------------------------------------------

--
-- Estructura de tabla para la tabla `componente_por_modelos`
--

CREATE TABLE `componente_por_modelos` (
  `id` bigint(20) UNSIGNED NOT NULL,
  `articulo_id` bigint(20) UNSIGNED NOT NULL,
  `modelo_id` bigint(20) UNSIGNED NOT NULL,
  `sistema` enum('HIDRAÚLICO','MECÁNICO','NEUMÁTICO','OLEO HIDRAÚLICO','ELECTRÓNICO','ELÉCTRICO') NOT NULL,
  `created_at` timestamp NULL DEFAULT NULL,
  `updated_at` timestamp NULL DEFAULT NULL
) ENGINE=InnoDB DEFAULT CHARSET=utf8mb4;

--
-- Volcado de datos para la tabla `componente_por_modelos`
--

INSERT INTO `componente_por_modelos` (`id`, `articulo_id`, `modelo_id`, `sistema`, `created_at`, `updated_at`) VALUES
(1, 40, 1, 'ELÉCTRICO', '2023-02-02 06:59:26', '2023-02-02 06:59:26'),
(2, 36, 1, 'ELÉCTRICO', '2023-02-02 06:59:26', '2023-02-02 06:59:26'),
(3, 22, 1, 'OLEO HIDRAÚLICO', '2023-02-02 06:59:26', '2023-02-02 06:59:26'),
(4, 27, 2, 'MECÁNICO', '2023-02-02 06:59:27', '2023-02-02 06:59:27'),
(5, 7, 2, 'ELECTRÓNICO', '2023-02-02 06:59:27', '2023-02-02 06:59:27'),
(6, 31, 2, 'OLEO HIDRAÚLICO', '2023-02-02 06:59:27', '2023-02-02 06:59:27');

--
-- Disparadores `componente_por_modelos`
--
DELIMITER $$
CREATE TRIGGER `agregar_componentes_por_modelo` AFTER INSERT ON `componente_por_modelos` FOR EACH ROW BEGIN
    DECLARE implemento INT;
    DECLARE implemento_final INT DEFAULT 0;
    DECLARE cursor_implementos CURSOR FOR SELECT id FROM implementos WHERE modelo_del_implemento_id = new.modelo_id;
    DECLARE CONTINUE HANDLER FOR NOT FOUND SET implemento_final = 1;
    IF EXISTS (SELECT * FROM implementos WHERE modelo_del_implemento_id = new.modelo_id) THEN
        OPEN cursor_implementos;
            bucle_implementos:LOOP
                IF implemento_final = 1 THEN
                    leave bucle_implementos;
                END IF;
                    FETCH cursor_implementos INTO implemento;
                    IF NOT EXISTS(SELECT * FROM componente_por_implementos WHERE articulo_id = new.articulo_id AND  implemento_id = implemento) THEN
                        INSERT INTO componente_por_implementos (articulo_id,implemento_id) VALUES (new.articulo_id,implemento);
                    END IF;
            END LOOP bucle_implementos;
        CLOSE cursor_implementos;
    END IF;
END
$$
DELIMITER ;

-- --------------------------------------------------------

--
-- Estructura de tabla para la tabla `detalle_de_solicitud_de_pedidos`
--

CREATE TABLE `detalle_de_solicitud_de_pedidos` (
  `id` bigint(20) UNSIGNED NOT NULL,
  `solicitud_de_pedido_id` bigint(20) UNSIGNED NOT NULL,
  `articulo_id` bigint(20) UNSIGNED NOT NULL,
  `cantidad` decimal(8,2) NOT NULL,
  `estimated_price` decimal(8,2) NOT NULL,
  `estado` enum('PENDIENTE','ACEPTADO','MODIFICADO','RECHAZADO','VALIDADO','CONCLUIDO') NOT NULL DEFAULT 'PENDIENTE',
  `observacion` text DEFAULT NULL,
  `cantidad_usada` decimal(8,2) NOT NULL DEFAULT 0.00,
  `created_at` timestamp NULL DEFAULT NULL,
  `updated_at` timestamp NULL DEFAULT NULL
) ENGINE=InnoDB DEFAULT CHARSET=utf8mb4;

-- --------------------------------------------------------

--
-- Estructura de tabla para la tabla `detalle_monto_cecos`
--

CREATE TABLE `detalle_monto_cecos` (
  `id` bigint(20) UNSIGNED NOT NULL,
  `centro_de_costo_id` bigint(20) UNSIGNED NOT NULL,
  `monto` decimal(8,2) NOT NULL,
  `esta_asignado` tinyint(1) NOT NULL DEFAULT 0,
  `fecha_de_asignacion` date NOT NULL,
  `created_at` timestamp NULL DEFAULT NULL,
  `updated_at` timestamp NULL DEFAULT NULL
) ENGINE=InnoDB DEFAULT CHARSET=utf8mb4;

-- --------------------------------------------------------

--
-- Estructura de tabla para la tabla `epps`
--

CREATE TABLE `epps` (
  `id` bigint(20) UNSIGNED NOT NULL,
  `epp` varchar(255) NOT NULL,
  `created_at` timestamp NULL DEFAULT NULL,
  `updated_at` timestamp NULL DEFAULT NULL
) ENGINE=InnoDB DEFAULT CHARSET=utf8mb4;

--
-- Volcado de datos para la tabla `epps`
--

INSERT INTO `epps` (`id`, `epp`, `created_at`, `updated_at`) VALUES
(1, 'jkxrvrnz', '2023-02-02 06:58:45', '2023-02-02 06:58:45'),
(2, 'zrceoswd', '2023-02-02 06:58:45', '2023-02-02 06:58:45'),
(3, 'rtywojwy', '2023-02-02 06:58:45', '2023-02-02 06:58:45'),
(4, 'vuoatdmj', '2023-02-02 06:58:45', '2023-02-02 06:58:45'),
(5, 'ajvxozhw', '2023-02-02 06:58:45', '2023-02-02 06:58:45'),
(6, 'vfikeosl', '2023-02-02 06:58:45', '2023-02-02 06:58:45'),
(7, 'wsfnculw', '2023-02-02 06:58:45', '2023-02-02 06:58:45'),
(8, 'gycyysli', '2023-02-02 06:58:45', '2023-02-02 06:58:45'),
(9, 'ghbmvmgc', '2023-02-02 06:58:45', '2023-02-02 06:58:45'),
(10, 'vapbhobi', '2023-02-02 06:58:45', '2023-02-02 06:58:45'),
(11, 'bmwfulmr', '2023-02-02 06:58:45', '2023-02-02 06:58:45'),
(12, 'wsecuzdd', '2023-02-02 06:58:45', '2023-02-02 06:58:45'),
(13, 'mcldbclt', '2023-02-02 06:58:45', '2023-02-02 06:58:45'),
(14, 'kfmkcriw', '2023-02-02 06:58:45', '2023-02-02 06:58:45'),
(15, 'nctnthau', '2023-02-02 06:58:45', '2023-02-02 06:58:45'),
(16, 'jqqxkaai', '2023-02-02 06:58:45', '2023-02-02 06:58:45'),
(17, 'rwqgyonr', '2023-02-02 06:58:45', '2023-02-02 06:58:45'),
(18, 'yagldxyi', '2023-02-02 06:58:45', '2023-02-02 06:58:45'),
(19, 'xjqaigmo', '2023-02-02 06:58:45', '2023-02-02 06:58:45'),
(20, 'exwfamid', '2023-02-02 06:58:45', '2023-02-02 06:58:45');

-- --------------------------------------------------------

--
-- Estructura de tabla para la tabla `epp_por_riesgos`
--

CREATE TABLE `epp_por_riesgos` (
  `id` bigint(20) UNSIGNED NOT NULL,
  `epp_id` bigint(20) UNSIGNED NOT NULL,
  `riesgo_id` bigint(20) UNSIGNED NOT NULL,
  `created_at` timestamp NULL DEFAULT NULL,
  `updated_at` timestamp NULL DEFAULT NULL
) ENGINE=InnoDB DEFAULT CHARSET=utf8mb4;

-- --------------------------------------------------------

--
-- Estructura de tabla para la tabla `failed_jobs`
--

CREATE TABLE `failed_jobs` (
  `id` bigint(20) UNSIGNED NOT NULL,
  `uuid` varchar(255) NOT NULL,
  `connection` text NOT NULL,
  `queue` text NOT NULL,
  `payload` longtext NOT NULL,
  `exception` longtext NOT NULL,
  `failed_at` timestamp NOT NULL DEFAULT current_timestamp()
) ENGINE=InnoDB DEFAULT CHARSET=utf8mb4;

-- --------------------------------------------------------

--
-- Estructura de tabla para la tabla `fecha_de_pedidos`
--

CREATE TABLE `fecha_de_pedidos` (
  `id` bigint(20) UNSIGNED NOT NULL,
  `fecha_de_apertura` date NOT NULL,
  `fecha_de_cierre` date NOT NULL,
  `fecha_de_pedido` date NOT NULL,
  `fecha_de_llegada` date NOT NULL,
  `estado` enum('PENDIENTE','ABIERTO','CERRADO') NOT NULL DEFAULT 'PENDIENTE',
  `created_at` timestamp NULL DEFAULT NULL,
  `updated_at` timestamp NULL DEFAULT NULL
) ENGINE=InnoDB DEFAULT CHARSET=utf8mb4;

-- --------------------------------------------------------

--
-- Estructura de tabla para la tabla `fundos`
--

CREATE TABLE `fundos` (
  `id` bigint(20) UNSIGNED NOT NULL,
  `fundo` varchar(255) NOT NULL,
  `sede_id` bigint(20) UNSIGNED NOT NULL,
  `created_at` timestamp NULL DEFAULT NULL,
  `updated_at` timestamp NULL DEFAULT NULL
) ENGINE=InnoDB DEFAULT CHARSET=utf8mb4;

--
-- Volcado de datos para la tabla `fundos`
--

INSERT INTO `fundos` (`id`, `fundo`, `sede_id`, `created_at`, `updated_at`) VALUES
(1, 'qnbqlphx', 1, '2023-02-02 06:58:46', '2023-02-02 06:58:46'),
(2, 'aynlzowg', 1, '2023-02-02 06:58:46', '2023-02-02 06:58:46'),
(3, 'surjichp', 2, '2023-02-02 06:58:47', '2023-02-02 06:58:47'),
(4, 'lshxwvpj', 2, '2023-02-02 06:58:47', '2023-02-02 06:58:47');

-- --------------------------------------------------------

--
-- Estructura de tabla para la tabla `implementos`
--

CREATE TABLE `implementos` (
  `id` bigint(20) UNSIGNED NOT NULL,
  `modelo_del_implemento_id` bigint(20) UNSIGNED NOT NULL,
  `numero` int(11) NOT NULL,
  `horas_de_uso` decimal(8,2) NOT NULL,
  `responsable` bigint(20) UNSIGNED NOT NULL,
  `sede_id` bigint(20) UNSIGNED NOT NULL,
  `centro_de_costo_id` bigint(20) UNSIGNED NOT NULL,
  `created_at` timestamp NULL DEFAULT NULL,
  `updated_at` timestamp NULL DEFAULT NULL
) ENGINE=InnoDB DEFAULT CHARSET=utf8mb4;

--
-- Volcado de datos para la tabla `implementos`
--

INSERT INTO `implementos` (`id`, `modelo_del_implemento_id`, `numero`, `horas_de_uso`, `responsable`, `sede_id`, `centro_de_costo_id`, `created_at`, `updated_at`) VALUES
(1, 1, 264, '182.25', 5, 2, 4, '2023-02-02 06:59:26', '2023-02-02 06:59:26'),
(2, 1, 62, '191.71', 4, 1, 3, '2023-02-02 06:59:26', '2023-02-02 06:59:26'),
(3, 1, 747, '284.33', 6, 1, 4, '2023-02-02 06:59:26', '2023-02-02 06:59:26'),
(4, 2, 223, '298.52', 2, 2, 2, '2023-02-02 06:59:27', '2023-02-02 06:59:27'),
(5, 2, 841, '253.43', 1, 2, 4, '2023-02-02 06:59:27', '2023-02-02 06:59:27'),
(6, 2, 309, '45.71', 5, 2, 2, '2023-02-02 06:59:27', '2023-02-02 06:59:27');

-- --------------------------------------------------------

--
-- Estructura de tabla para la tabla `labors`
--

CREATE TABLE `labors` (
  `id` bigint(20) UNSIGNED NOT NULL,
  `labor` varchar(255) NOT NULL,
  `created_at` timestamp NULL DEFAULT NULL,
  `updated_at` timestamp NULL DEFAULT NULL
) ENGINE=InnoDB DEFAULT CHARSET=utf8mb4;

--
-- Volcado de datos para la tabla `labors`
--

INSERT INTO `labors` (`id`, `labor`, `created_at`, `updated_at`) VALUES
(1, 'ohaynejh', '2023-02-02 06:58:44', '2023-02-02 06:58:44'),
(2, 'hbxyhfxb', '2023-02-02 06:58:44', '2023-02-02 06:58:44'),
(3, 'uzwillbj', '2023-02-02 06:58:44', '2023-02-02 06:58:44'),
(4, 'cxstbfmy', '2023-02-02 06:58:45', '2023-02-02 06:58:45'),
(5, 'pudvamfy', '2023-02-02 06:58:45', '2023-02-02 06:58:45'),
(6, 'mtumzgxa', '2023-02-02 06:58:45', '2023-02-02 06:58:45'),
(7, 'nzgviqvk', '2023-02-02 06:58:45', '2023-02-02 06:58:45');

-- --------------------------------------------------------

--
-- Estructura de tabla para la tabla `lotes`
--

CREATE TABLE `lotes` (
  `id` bigint(20) UNSIGNED NOT NULL,
  `lote` varchar(255) NOT NULL,
  `fundo_id` bigint(20) UNSIGNED NOT NULL,
  `created_at` timestamp NULL DEFAULT NULL,
  `updated_at` timestamp NULL DEFAULT NULL
) ENGINE=InnoDB DEFAULT CHARSET=utf8mb4;

--
-- Volcado de datos para la tabla `lotes`
--

INSERT INTO `lotes` (`id`, `lote`, `fundo_id`, `created_at`, `updated_at`) VALUES
(1, 'qmtjxwvu', 1, '2023-02-02 06:58:46', '2023-02-02 06:58:46'),
(2, 'lmpenrhs', 1, '2023-02-02 06:58:46', '2023-02-02 06:58:46'),
(3, 'nfahdgky', 2, '2023-02-02 06:58:46', '2023-02-02 06:58:46'),
(4, 'kvmmwxzn', 2, '2023-02-02 06:58:46', '2023-02-02 06:58:46'),
(5, 'jfukvqex', 3, '2023-02-02 06:58:47', '2023-02-02 06:58:47'),
(6, 'avwnvdof', 3, '2023-02-02 06:58:47', '2023-02-02 06:58:47'),
(7, 'abzxwwix', 4, '2023-02-02 06:58:47', '2023-02-02 06:58:47'),
(8, 'cnstaawy', 4, '2023-02-02 06:58:47', '2023-02-02 06:58:47');

-- --------------------------------------------------------

--
-- Estructura de tabla para la tabla `migrations`
--

CREATE TABLE `migrations` (
  `id` int(10) UNSIGNED NOT NULL,
  `migration` varchar(255) NOT NULL,
  `batch` int(11) NOT NULL
) ENGINE=InnoDB DEFAULT CHARSET=utf8mb4;

--
-- Volcado de datos para la tabla `migrations`
--

INSERT INTO `migrations` (`id`, `migration`, `batch`) VALUES
(1, '2014_10_11_064222_create_sedes_table', 1),
(2, '2014_10_12_000000_create_users_table', 1),
(3, '2014_10_12_100000_create_password_resets_table', 1),
(4, '2014_10_12_200000_add_two_factor_columns_to_users_table', 1),
(5, '2019_08_19_000000_create_failed_jobs_table', 1),
(6, '2019_12_14_000001_create_personal_access_tokens_table', 1),
(7, '2023_01_29_024412_create_sessions_table', 1),
(8, '2023_01_29_035549_create_permission_tables', 1),
(9, '2023_01_29_064800_create_fundos_table', 1),
(10, '2023_01_29_064820_create_lotes_table', 1),
(11, '2023_01_29_064956_create_centro_de_costos_table', 1),
(12, '2023_01_29_065130_create_unidad_de_medidas_table', 1),
(13, '2023_01_29_071114_create_articulos_table', 1),
(14, '2023_01_29_071610_create_modelo_del_implementos_table', 1),
(15, '2023_01_29_071654_create_implementos_table', 1),
(16, '2023_01_29_081642_create_epps_table', 1),
(17, '2023_01_29_081829_create_labors_table', 1),
(18, '2023_01_29_082015_create_fecha_de_pedidos_table', 1),
(19, '2023_01_29_082340_create_solicitud_de_pedidos_table', 1),
(20, '2023_01_29_082943_create_detalle_de_solicitud_de_pedidos_table', 1),
(21, '2023_01_29_091018_create_solicitud_de_nuevo_articulos_table', 1),
(22, '2023_01_29_091620_create_riesgos_table', 1),
(23, '2023_01_29_091740_create_tareas_table', 1),
(24, '2023_01_29_100604_create_modelo_de_tractors_table', 1),
(25, '2023_01_29_100657_create_tractors_table', 1),
(26, '2023_01_29_101129_create_programacion_de_tractors_table', 1),
(27, '2023_01_29_101150_create_reporte_de_tractors_table', 1),
(28, '2023_01_29_212822_create_detalle_monto_cecos_table', 1),
(29, '2023_01_31_223700_create_epp_por_riesgos_table', 1),
(30, '2023_01_31_230807_create_rutinarios_table', 1),
(31, '2023_01_31_231305_create_componente_por_modelos_table', 1),
(32, '2023_01_31_232810_create_pieza_por_modelos_table', 1),
(33, '2023_01_31_233402_create_componente_por_implementos_table', 1),
(34, '2023_01_31_233431_create_pieza_por_componentes_table', 1),
(35, '2023_02_01_171202_create_articulo_para_tareas_table', 1);

-- --------------------------------------------------------

--
-- Estructura de tabla para la tabla `modelo_del_implementos`
--

CREATE TABLE `modelo_del_implementos` (
  `id` bigint(20) UNSIGNED NOT NULL,
  `modelo_de_implemento` varchar(255) NOT NULL,
  `created_at` timestamp NULL DEFAULT NULL,
  `updated_at` timestamp NULL DEFAULT NULL
) ENGINE=InnoDB DEFAULT CHARSET=utf8mb4;

--
-- Volcado de datos para la tabla `modelo_del_implementos`
--

INSERT INTO `modelo_del_implementos` (`id`, `modelo_de_implemento`, `created_at`, `updated_at`) VALUES
(1, 'mbsknizd', '2023-02-02 06:59:26', '2023-02-02 06:59:26'),
(2, 'pdovikfn', '2023-02-02 06:59:27', '2023-02-02 06:59:27');

-- --------------------------------------------------------

--
-- Estructura de tabla para la tabla `modelo_de_tractors`
--

CREATE TABLE `modelo_de_tractors` (
  `id` bigint(20) UNSIGNED NOT NULL,
  `modelo_de_tractor` varchar(255) NOT NULL,
  `created_at` timestamp NULL DEFAULT NULL,
  `updated_at` timestamp NULL DEFAULT NULL
) ENGINE=InnoDB DEFAULT CHARSET=utf8mb4;

--
-- Volcado de datos para la tabla `modelo_de_tractors`
--

INSERT INTO `modelo_de_tractors` (`id`, `modelo_de_tractor`, `created_at`, `updated_at`) VALUES
(1, 'svkbborq', '2023-02-02 06:58:47', '2023-02-02 06:58:47'),
(2, 'qbbozzzj', '2023-02-02 06:58:48', '2023-02-02 06:58:48'),
(3, 'igpwqdwx', '2023-02-02 06:58:48', '2023-02-02 06:58:48');

-- --------------------------------------------------------

--
-- Estructura de tabla para la tabla `model_has_permissions`
--

CREATE TABLE `model_has_permissions` (
  `permission_id` bigint(20) UNSIGNED NOT NULL,
  `model_type` varchar(255) NOT NULL,
  `model_id` bigint(20) UNSIGNED NOT NULL
) ENGINE=InnoDB DEFAULT CHARSET=utf8mb4;

-- --------------------------------------------------------

--
-- Estructura de tabla para la tabla `model_has_roles`
--

CREATE TABLE `model_has_roles` (
  `role_id` bigint(20) UNSIGNED NOT NULL,
  `model_type` varchar(255) NOT NULL,
  `model_id` bigint(20) UNSIGNED NOT NULL
) ENGINE=InnoDB DEFAULT CHARSET=utf8mb4;

--
-- Volcado de datos para la tabla `model_has_roles`
--

INSERT INTO `model_has_roles` (`role_id`, `model_type`, `model_id`) VALUES
(1, 'App\\Models\\User', 1),
(2, 'App\\Models\\User', 2),
(3, 'App\\Models\\User', 3),
(4, 'App\\Models\\User', 4),
(5, 'App\\Models\\User', 5);

-- --------------------------------------------------------

--
-- Estructura de tabla para la tabla `password_resets`
--

CREATE TABLE `password_resets` (
  `email` varchar(255) NOT NULL,
  `token` varchar(255) NOT NULL,
  `created_at` timestamp NULL DEFAULT NULL
) ENGINE=InnoDB DEFAULT CHARSET=utf8mb4;

-- --------------------------------------------------------

--
-- Estructura de tabla para la tabla `permissions`
--

CREATE TABLE `permissions` (
  `id` bigint(20) UNSIGNED NOT NULL,
  `name` varchar(255) NOT NULL,
  `guard_name` varchar(255) NOT NULL,
  `created_at` timestamp NULL DEFAULT NULL,
  `updated_at` timestamp NULL DEFAULT NULL
) ENGINE=InnoDB DEFAULT CHARSET=utf8mb4;

--
-- Volcado de datos para la tabla `permissions`
--

INSERT INTO `permissions` (`id`, `name`, `guard_name`, `created_at`, `updated_at`) VALUES
(1, 'supervisor.programacion-de-tractores', 'supervisor', '2023-02-02 06:59:30', '2023-02-02 06:59:30'),
(2, 'asistente.reporte-de-tractores', 'asistente', '2023-02-02 06:59:30', '2023-02-02 06:59:30'),
(3, 'operador.solicitud-de-materiales', 'operador', '2023-02-02 06:59:31', '2023-02-02 06:59:31'),
(4, 'planificador.validar-pedidos', 'planificador', '2023-02-02 06:59:31', '2023-02-02 06:59:31'),
(5, 'jefe.dashboard', 'jefe', '2023-02-02 06:59:31', '2023-02-02 06:59:31');

-- --------------------------------------------------------

--
-- Estructura de tabla para la tabla `personal_access_tokens`
--

CREATE TABLE `personal_access_tokens` (
  `id` bigint(20) UNSIGNED NOT NULL,
  `tokenable_type` varchar(255) NOT NULL,
  `tokenable_id` bigint(20) UNSIGNED NOT NULL,
  `name` varchar(255) NOT NULL,
  `token` varchar(64) NOT NULL,
  `abilities` text DEFAULT NULL,
  `last_used_at` timestamp NULL DEFAULT NULL,
  `expires_at` timestamp NULL DEFAULT NULL,
  `created_at` timestamp NULL DEFAULT NULL,
  `updated_at` timestamp NULL DEFAULT NULL
) ENGINE=InnoDB DEFAULT CHARSET=utf8mb4;

-- --------------------------------------------------------

--
-- Estructura de tabla para la tabla `pieza_por_componentes`
--

CREATE TABLE `pieza_por_componentes` (
  `id` bigint(20) UNSIGNED NOT NULL,
  `pieza` bigint(20) UNSIGNED NOT NULL,
  `componente_por_implemento_id` bigint(20) UNSIGNED NOT NULL,
  `horas` decimal(8,2) NOT NULL DEFAULT 0.00,
  `estado` enum('EN USO','PARA CAMBIO','CAMBIO ORDENADO','CAMBIADO') NOT NULL DEFAULT 'EN USO',
  `created_at` timestamp NULL DEFAULT NULL,
  `updated_at` timestamp NULL DEFAULT NULL
) ENGINE=InnoDB DEFAULT CHARSET=utf8mb4;

--
-- Volcado de datos para la tabla `pieza_por_componentes`
--

INSERT INTO `pieza_por_componentes` (`id`, `pieza`, `componente_por_implemento_id`, `horas`, `estado`, `created_at`, `updated_at`) VALUES
(1, 52, 16, '0.00', 'EN USO', NULL, NULL),
(2, 52, 17, '0.00', 'EN USO', NULL, NULL),
(3, 52, 18, '0.00', 'EN USO', NULL, NULL),
(4, 69, 16, '0.00', 'EN USO', NULL, NULL),
(5, 69, 17, '0.00', 'EN USO', NULL, NULL),
(6, 69, 18, '0.00', 'EN USO', NULL, NULL),
(7, 76, 2, '0.00', 'EN USO', NULL, NULL),
(8, 76, 1, '0.00', 'EN USO', NULL, NULL),
(9, 76, 3, '0.00', 'EN USO', NULL, NULL),
(10, 78, 5, '0.00', 'EN USO', NULL, NULL),
(11, 78, 4, '0.00', 'EN USO', NULL, NULL),
(12, 78, 6, '0.00', 'EN USO', NULL, NULL),
(13, 79, 2, '0.00', 'EN USO', NULL, NULL),
(14, 79, 1, '0.00', 'EN USO', NULL, NULL),
(15, 79, 3, '0.00', 'EN USO', NULL, NULL);

-- --------------------------------------------------------

--
-- Estructura de tabla para la tabla `pieza_por_modelos`
--

CREATE TABLE `pieza_por_modelos` (
  `id` bigint(20) UNSIGNED NOT NULL,
  `pieza` bigint(20) UNSIGNED NOT NULL,
  `articulo_id` bigint(20) UNSIGNED NOT NULL,
  `created_at` timestamp NULL DEFAULT NULL,
  `updated_at` timestamp NULL DEFAULT NULL
) ENGINE=InnoDB DEFAULT CHARSET=utf8mb4;

--
-- Volcado de datos para la tabla `pieza_por_modelos`
--

INSERT INTO `pieza_por_modelos` (`id`, `pieza`, `articulo_id`, `created_at`, `updated_at`) VALUES
(1, 47, 11, '2023-02-02 06:59:27', '2023-02-02 06:59:27'),
(2, 48, 12, '2023-02-02 06:59:27', '2023-02-02 06:59:27'),
(3, 49, 34, '2023-02-02 06:59:27', '2023-02-02 06:59:27'),
(4, 50, 23, '2023-02-02 06:59:28', '2023-02-02 06:59:28'),
(5, 51, 32, '2023-02-02 06:59:28', '2023-02-02 06:59:28'),
(6, 52, 31, '2023-02-02 06:59:28', '2023-02-02 06:59:28'),
(7, 53, 29, '2023-02-02 06:59:28', '2023-02-02 06:59:28'),
(8, 54, 17, '2023-02-02 06:59:28', '2023-02-02 06:59:28'),
(9, 55, 16, '2023-02-02 06:59:28', '2023-02-02 06:59:28'),
(10, 56, 28, '2023-02-02 06:59:28', '2023-02-02 06:59:28'),
(11, 57, 18, '2023-02-02 06:59:28', '2023-02-02 06:59:28'),
(12, 58, 13, '2023-02-02 06:59:28', '2023-02-02 06:59:28'),
(13, 59, 28, '2023-02-02 06:59:28', '2023-02-02 06:59:28'),
(14, 60, 18, '2023-02-02 06:59:28', '2023-02-02 06:59:28'),
(15, 61, 32, '2023-02-02 06:59:28', '2023-02-02 06:59:28'),
(16, 62, 19, '2023-02-02 06:59:29', '2023-02-02 06:59:29'),
(17, 63, 23, '2023-02-02 06:59:29', '2023-02-02 06:59:29'),
(18, 64, 14, '2023-02-02 06:59:29', '2023-02-02 06:59:29'),
(19, 65, 46, '2023-02-02 06:59:29', '2023-02-02 06:59:29'),
(20, 66, 35, '2023-02-02 06:59:29', '2023-02-02 06:59:29'),
(21, 67, 37, '2023-02-02 06:59:29', '2023-02-02 06:59:29'),
(22, 68, 17, '2023-02-02 06:59:29', '2023-02-02 06:59:29'),
(23, 69, 31, '2023-02-02 06:59:29', '2023-02-02 06:59:29'),
(24, 70, 15, '2023-02-02 06:59:29', '2023-02-02 06:59:29'),
(25, 71, 15, '2023-02-02 06:59:29', '2023-02-02 06:59:29'),
(26, 72, 12, '2023-02-02 06:59:29', '2023-02-02 06:59:29'),
(27, 73, 28, '2023-02-02 06:59:29', '2023-02-02 06:59:29'),
(28, 74, 25, '2023-02-02 06:59:29', '2023-02-02 06:59:29'),
(29, 75, 44, '2023-02-02 06:59:29', '2023-02-02 06:59:29'),
(30, 76, 40, '2023-02-02 06:59:30', '2023-02-02 06:59:30'),
(31, 77, 30, '2023-02-02 06:59:30', '2023-02-02 06:59:30'),
(32, 78, 36, '2023-02-02 06:59:30', '2023-02-02 06:59:30'),
(33, 79, 40, '2023-02-02 06:59:30', '2023-02-02 06:59:30'),
(34, 80, 39, '2023-02-02 06:59:30', '2023-02-02 06:59:30'),
(35, 81, 17, '2023-02-02 06:59:30', '2023-02-02 06:59:30'),
(36, 82, 41, '2023-02-02 06:59:30', '2023-02-02 06:59:30');

--
-- Disparadores `pieza_por_modelos`
--
DELIMITER $$
CREATE TRIGGER `agregar_piezas_por_modelo` AFTER INSERT ON `pieza_por_modelos` FOR EACH ROW BEGIN
    DECLARE componente INT;
    DECLARE componente_final INT DEFAULT 0;
    DECLARE cursor_componentes CURSOR FOR SELECT id FROM componente_por_implementos WHERE articulo_id = new.articulo_id;
    DECLARE CONTINUE HANDLER FOR NOT FOUND SET componente_final = 1;
    IF EXISTS (SELECT * FROM componente_por_implementos WHERE articulo_id = new.articulo_id) THEN
        OPEN cursor_componentes;
            bucle_componentes:LOOP
                IF componente_final = 1 THEN
                    leave bucle_componentes;
                END IF;
                    FETCH cursor_componentes INTO componente;
                    IF NOT EXISTS (SELECT * FROM pieza_por_componentes WHERE pieza = new.pieza AND componente_por_implemento_id = componente) THEN
                        INSERT INTO pieza_por_componentes (pieza,componente_por_implemento_id) VALUES (new.pieza,componente);
                    END IF;
            END LOOP bucle_componentes;
        CLOSE cursor_componentes;
    END IF;
END
$$
DELIMITER ;

-- --------------------------------------------------------

--
-- Estructura de tabla para la tabla `programacion_de_tractors`
--

CREATE TABLE `programacion_de_tractors` (
  `id` bigint(20) UNSIGNED NOT NULL,
  `tractorista` bigint(20) UNSIGNED NOT NULL,
  `labor_id` bigint(20) UNSIGNED NOT NULL,
  `tractor_id` bigint(20) UNSIGNED NOT NULL,
  `implemento_id` bigint(20) UNSIGNED NOT NULL,
  `fecha` date NOT NULL,
  `turno` enum('MAÑANA','NOCHE') NOT NULL,
  `lote_id` bigint(20) UNSIGNED NOT NULL,
  `sede_id` bigint(20) UNSIGNED NOT NULL,
  `validado_por` bigint(20) UNSIGNED NOT NULL,
  `esta_reportado` tinyint(1) NOT NULL DEFAULT 0,
  `esta_anulado` tinyint(1) NOT NULL DEFAULT 0,
  `created_at` timestamp NULL DEFAULT NULL,
  `updated_at` timestamp NULL DEFAULT NULL
) ENGINE=InnoDB DEFAULT CHARSET=utf8mb4;

-- --------------------------------------------------------

--
-- Estructura de tabla para la tabla `reporte_de_tractors`
--

CREATE TABLE `reporte_de_tractors` (
  `id` bigint(20) UNSIGNED NOT NULL,
  `tractorista` bigint(20) UNSIGNED NOT NULL,
  `tractor_id` bigint(20) UNSIGNED NOT NULL,
  `labor_id` bigint(20) UNSIGNED NOT NULL,
  `correlativo` varchar(30) NOT NULL,
  `fecha` date NOT NULL,
  `shift` enum('MAÑANA','NOCHE') NOT NULL,
  `implemento_id` bigint(20) UNSIGNED NOT NULL,
  `horometro_inicial` decimal(8,2) NOT NULL,
  `horometro_final` decimal(8,2) NOT NULL,
  `horas` decimal(8,2) NOT NULL,
  `lote_id` bigint(20) UNSIGNED NOT NULL,
  `sede_id` bigint(20) UNSIGNED NOT NULL,
  `validado_por` bigint(20) UNSIGNED NOT NULL,
  `esta_anulado` tinyint(1) NOT NULL DEFAULT 0,
  `created_at` timestamp NULL DEFAULT NULL,
  `updated_at` timestamp NULL DEFAULT NULL
) ENGINE=InnoDB DEFAULT CHARSET=utf8mb4;

-- --------------------------------------------------------

--
-- Estructura de tabla para la tabla `riesgos`
--

CREATE TABLE `riesgos` (
  `id` bigint(20) UNSIGNED NOT NULL,
  `riesgo` varchar(255) NOT NULL,
  `created_at` timestamp NULL DEFAULT NULL,
  `updated_at` timestamp NULL DEFAULT NULL
) ENGINE=InnoDB DEFAULT CHARSET=utf8mb4;

--
-- Volcado de datos para la tabla `riesgos`
--

INSERT INTO `riesgos` (`id`, `riesgo`, `created_at`, `updated_at`) VALUES
(1, 'emoytyjg', '2023-02-02 06:58:45', '2023-02-02 06:58:45'),
(2, 'mzmqwdkc', '2023-02-02 06:58:45', '2023-02-02 06:58:45'),
(3, 'mbphxacc', '2023-02-02 06:58:45', '2023-02-02 06:58:45'),
(4, 'tytarper', '2023-02-02 06:58:46', '2023-02-02 06:58:46');

-- --------------------------------------------------------

--
-- Estructura de tabla para la tabla `roles`
--

CREATE TABLE `roles` (
  `id` bigint(20) UNSIGNED NOT NULL,
  `name` varchar(255) NOT NULL,
  `guard_name` varchar(255) NOT NULL,
  `created_at` timestamp NULL DEFAULT NULL,
  `updated_at` timestamp NULL DEFAULT NULL
) ENGINE=InnoDB DEFAULT CHARSET=utf8mb4;

--
-- Volcado de datos para la tabla `roles`
--

INSERT INTO `roles` (`id`, `name`, `guard_name`, `created_at`, `updated_at`) VALUES
(1, 'jefe', 'jefe', '2023-02-02 06:59:30', '2023-02-02 06:59:30'),
(2, 'asistente', 'asistente', '2023-02-02 06:59:30', '2023-02-02 06:59:30'),
(3, 'operador', 'operador', '2023-02-02 06:59:30', '2023-02-02 06:59:30'),
(4, 'planificador', 'planificador', '2023-02-02 06:59:30', '2023-02-02 06:59:30'),
(5, 'supervisor', 'supervisor', '2023-02-02 06:59:30', '2023-02-02 06:59:30');

-- --------------------------------------------------------

--
-- Estructura de tabla para la tabla `role_has_permissions`
--

CREATE TABLE `role_has_permissions` (
  `permission_id` bigint(20) UNSIGNED NOT NULL,
  `role_id` bigint(20) UNSIGNED NOT NULL
) ENGINE=InnoDB DEFAULT CHARSET=utf8mb4;

--
-- Volcado de datos para la tabla `role_has_permissions`
--

INSERT INTO `role_has_permissions` (`permission_id`, `role_id`) VALUES
(1, 5),
(2, 2),
(3, 3),
(4, 4),
(5, 1);

-- --------------------------------------------------------

--
-- Estructura de tabla para la tabla `rutinarios`
--

CREATE TABLE `rutinarios` (
  `id` bigint(20) UNSIGNED NOT NULL,
  `programacion_de_tractor_id` bigint(20) UNSIGNED NOT NULL,
  `tarea_id` bigint(20) UNSIGNED NOT NULL,
  `realizado` tinyint(1) NOT NULL DEFAULT 0,
  `validado_por` bigint(20) UNSIGNED DEFAULT NULL,
  `created_at` timestamp NULL DEFAULT NULL,
  `updated_at` timestamp NULL DEFAULT NULL
) ENGINE=InnoDB DEFAULT CHARSET=utf8mb4;

-- --------------------------------------------------------

--
-- Estructura de tabla para la tabla `sedes`
--

CREATE TABLE `sedes` (
  `id` bigint(20) UNSIGNED NOT NULL,
  `sede` varchar(255) NOT NULL,
  `created_at` timestamp NULL DEFAULT NULL,
  `updated_at` timestamp NULL DEFAULT NULL
) ENGINE=InnoDB DEFAULT CHARSET=utf8mb4;

--
-- Volcado de datos para la tabla `sedes`
--

INSERT INTO `sedes` (`id`, `sede`, `created_at`, `updated_at`) VALUES
(1, 'kcporfon', '2023-02-02 06:58:46', '2023-02-02 06:58:46'),
(2, 'isodzkvo', '2023-02-02 06:58:46', '2023-02-02 06:58:46');

-- --------------------------------------------------------

--
-- Estructura de tabla para la tabla `sessions`
--

CREATE TABLE `sessions` (
  `id` varchar(255) NOT NULL,
  `user_id` bigint(20) UNSIGNED DEFAULT NULL,
  `ip_address` varchar(45) DEFAULT NULL,
  `user_agent` text DEFAULT NULL,
  `payload` longtext NOT NULL,
  `last_activity` int(11) NOT NULL
) ENGINE=InnoDB DEFAULT CHARSET=utf8mb4;

-- --------------------------------------------------------

--
-- Estructura de tabla para la tabla `solicitud_de_nuevo_articulos`
--

CREATE TABLE `solicitud_de_nuevo_articulos` (
  `id` bigint(20) UNSIGNED NOT NULL,
  `solicitud_de_pedido_id` bigint(20) UNSIGNED NOT NULL,
  `nuevo_articulo` varchar(255) NOT NULL,
  `cantidad` decimal(8,2) NOT NULL,
  `unidad_de_medida_id` bigint(20) UNSIGNED NOT NULL,
  `ficha_tecnica` text NOT NULL,
  `imagen` varchar(2048) DEFAULT NULL,
  `estado` enum('PENDIENTE','CREADO','RECHAZADO') NOT NULL DEFAULT 'PENDIENTE',
  `articulo_id` bigint(20) UNSIGNED DEFAULT NULL,
  `observation` text DEFAULT NULL,
  `created_at` timestamp NULL DEFAULT NULL,
  `updated_at` timestamp NULL DEFAULT NULL
) ENGINE=InnoDB DEFAULT CHARSET=utf8mb4;

-- --------------------------------------------------------

--
-- Estructura de tabla para la tabla `solicitud_de_pedidos`
--

CREATE TABLE `solicitud_de_pedidos` (
  `id` bigint(20) UNSIGNED NOT NULL,
  `solicitante` bigint(20) UNSIGNED NOT NULL,
  `implemento_id` bigint(20) UNSIGNED NOT NULL,
  `estado` enum('PENDIENTE','CERRADO','VALIDADO','RECHAZADO','CONCLUIDO') NOT NULL DEFAULT 'PENDIENTE',
  `validado_por` bigint(20) UNSIGNED DEFAULT NULL,
  `fecha_de_pedido_id` bigint(20) UNSIGNED NOT NULL,
  `created_at` timestamp NULL DEFAULT NULL,
  `updated_at` timestamp NULL DEFAULT NULL
) ENGINE=InnoDB DEFAULT CHARSET=utf8mb4;

-- --------------------------------------------------------

--
-- Estructura de tabla para la tabla `tareas`
--

CREATE TABLE `tareas` (
  `id` bigint(20) UNSIGNED NOT NULL,
  `tarea` varchar(255) NOT NULL,
  `articulo_id` bigint(20) UNSIGNED NOT NULL,
  `tipo` enum('RUTINARIO','PREVENTIVO','RECAMBIO') NOT NULL,
  `tiempo_estimado` decimal(8,2) NOT NULL,
  `created_at` timestamp NULL DEFAULT NULL,
  `updated_at` timestamp NULL DEFAULT NULL
) ENGINE=InnoDB DEFAULT CHARSET=utf8mb4;

--
-- Volcado de datos para la tabla `tareas`
--

INSERT INTO `tareas` (`id`, `tarea`, `articulo_id`, `tipo`, `tiempo_estimado`, `created_at`, `updated_at`) VALUES
(1, 'zlkpxmvv', 11, 'PREVENTIVO', '30.00', '2023-02-02 06:58:49', '2023-02-02 06:58:49'),
(2, 'ybadymmw', 11, 'RUTINARIO', '30.00', '2023-02-02 06:58:49', '2023-02-02 06:58:49'),
(3, 'hcvsbvtf', 11, 'PREVENTIVO', '30.00', '2023-02-02 06:58:49', '2023-02-02 06:58:49'),
(4, 'ewetszux', 11, 'RUTINARIO', '30.00', '2023-02-02 06:58:49', '2023-02-02 06:58:49'),
(5, 'rspnvxcw', 11, 'PREVENTIVO', '30.00', '2023-02-02 06:58:50', '2023-02-02 06:58:50'),
(6, 'itiyzutn', 12, 'PREVENTIVO', '30.00', '2023-02-02 06:58:50', '2023-02-02 06:58:50'),
(7, 'bzbibygv', 12, 'PREVENTIVO', '30.00', '2023-02-02 06:58:50', '2023-02-02 06:58:50'),
(8, 'lfmfrfkj', 12, 'RUTINARIO', '30.00', '2023-02-02 06:58:50', '2023-02-02 06:58:50'),
(9, 'wixuzwlh', 12, 'RUTINARIO', '30.00', '2023-02-02 06:58:50', '2023-02-02 06:58:50'),
(10, 'ykplrkja', 12, 'RUTINARIO', '30.00', '2023-02-02 06:58:51', '2023-02-02 06:58:51'),
(11, 'avqsvauu', 13, 'PREVENTIVO', '30.00', '2023-02-02 06:58:51', '2023-02-02 06:58:51'),
(12, 'owlabwof', 13, 'RUTINARIO', '30.00', '2023-02-02 06:58:51', '2023-02-02 06:58:51'),
(13, 'mcesnuqo', 13, 'PREVENTIVO', '30.00', '2023-02-02 06:58:51', '2023-02-02 06:58:51'),
(14, 'jtracvlb', 13, 'PREVENTIVO', '30.00', '2023-02-02 06:58:51', '2023-02-02 06:58:51'),
(15, 'yzesjrfu', 13, 'RUTINARIO', '30.00', '2023-02-02 06:58:51', '2023-02-02 06:58:51'),
(16, 'emyynnto', 14, 'RUTINARIO', '30.00', '2023-02-02 06:58:52', '2023-02-02 06:58:52'),
(17, 'xgwcgwge', 14, 'RUTINARIO', '30.00', '2023-02-02 06:58:52', '2023-02-02 06:58:52'),
(18, 'sdfrmdbx', 14, 'RUTINARIO', '30.00', '2023-02-02 06:58:52', '2023-02-02 06:58:52'),
(19, 'hgecpegi', 14, 'PREVENTIVO', '30.00', '2023-02-02 06:58:52', '2023-02-02 06:58:52'),
(20, 'laptjtts', 14, 'RUTINARIO', '30.00', '2023-02-02 06:58:52', '2023-02-02 06:58:52'),
(21, 'jjpqggew', 15, 'PREVENTIVO', '30.00', '2023-02-02 06:58:53', '2023-02-02 06:58:53'),
(22, 'kikdfrre', 15, 'PREVENTIVO', '30.00', '2023-02-02 06:58:53', '2023-02-02 06:58:53'),
(23, 'jnttxfkz', 15, 'PREVENTIVO', '30.00', '2023-02-02 06:58:53', '2023-02-02 06:58:53'),
(24, 'zzuubybu', 15, 'RUTINARIO', '30.00', '2023-02-02 06:58:53', '2023-02-02 06:58:53'),
(25, 'qkkekzyy', 15, 'PREVENTIVO', '30.00', '2023-02-02 06:58:53', '2023-02-02 06:58:53'),
(26, 'vvmxxfia', 16, 'PREVENTIVO', '30.00', '2023-02-02 06:58:54', '2023-02-02 06:58:54'),
(27, 'nfqxgzde', 16, 'PREVENTIVO', '30.00', '2023-02-02 06:58:54', '2023-02-02 06:58:54'),
(28, 'pvngovam', 16, 'PREVENTIVO', '30.00', '2023-02-02 06:58:54', '2023-02-02 06:58:54'),
(29, 'kchzltuc', 16, 'PREVENTIVO', '30.00', '2023-02-02 06:58:54', '2023-02-02 06:58:54'),
(30, 'mkoomxpx', 16, 'PREVENTIVO', '30.00', '2023-02-02 06:58:54', '2023-02-02 06:58:54'),
(31, 'jzidsikk', 17, 'PREVENTIVO', '30.00', '2023-02-02 06:58:55', '2023-02-02 06:58:55'),
(32, 'ehgncilp', 17, 'RUTINARIO', '30.00', '2023-02-02 06:58:55', '2023-02-02 06:58:55'),
(33, 'tmdkgtdw', 17, 'RUTINARIO', '30.00', '2023-02-02 06:58:55', '2023-02-02 06:58:55'),
(34, 'ufveukam', 17, 'PREVENTIVO', '30.00', '2023-02-02 06:58:55', '2023-02-02 06:58:55'),
(35, 'vpqkvepf', 17, 'RUTINARIO', '30.00', '2023-02-02 06:58:55', '2023-02-02 06:58:55'),
(36, 'xohwoibh', 18, 'RUTINARIO', '30.00', '2023-02-02 06:58:56', '2023-02-02 06:58:56'),
(37, 'fmkoitno', 18, 'RUTINARIO', '30.00', '2023-02-02 06:58:56', '2023-02-02 06:58:56'),
(38, 'abrrmgce', 18, 'PREVENTIVO', '30.00', '2023-02-02 06:58:56', '2023-02-02 06:58:56'),
(39, 'tutksbbl', 18, 'PREVENTIVO', '30.00', '2023-02-02 06:58:56', '2023-02-02 06:58:56'),
(40, 'hvxqbfid', 18, 'RUTINARIO', '30.00', '2023-02-02 06:58:56', '2023-02-02 06:58:56'),
(41, 'ndpktrer', 19, 'PREVENTIVO', '30.00', '2023-02-02 06:58:56', '2023-02-02 06:58:56'),
(42, 'odvprimw', 19, 'PREVENTIVO', '30.00', '2023-02-02 06:58:57', '2023-02-02 06:58:57'),
(43, 'arxzyeme', 19, 'RUTINARIO', '30.00', '2023-02-02 06:58:57', '2023-02-02 06:58:57'),
(44, 'lsfjxosz', 19, 'PREVENTIVO', '30.00', '2023-02-02 06:58:57', '2023-02-02 06:58:57'),
(45, 'uklfwgxv', 19, 'PREVENTIVO', '30.00', '2023-02-02 06:58:57', '2023-02-02 06:58:57'),
(46, 'ovpetgrs', 20, 'PREVENTIVO', '30.00', '2023-02-02 06:58:58', '2023-02-02 06:58:58'),
(47, 'zqspayan', 20, 'RUTINARIO', '30.00', '2023-02-02 06:58:58', '2023-02-02 06:58:58'),
(48, 'qyceuzun', 20, 'PREVENTIVO', '30.00', '2023-02-02 06:58:58', '2023-02-02 06:58:58'),
(49, 'zvbervjf', 20, 'RUTINARIO', '30.00', '2023-02-02 06:58:58', '2023-02-02 06:58:58'),
(50, 'jomlxpel', 20, 'RUTINARIO', '30.00', '2023-02-02 06:58:58', '2023-02-02 06:58:58'),
(51, 'yrnbshfb', 21, 'RUTINARIO', '30.00', '2023-02-02 06:58:58', '2023-02-02 06:58:58'),
(52, 'wzbssdap', 21, 'RUTINARIO', '30.00', '2023-02-02 06:58:59', '2023-02-02 06:58:59'),
(53, 'mngtcnig', 21, 'RUTINARIO', '30.00', '2023-02-02 06:58:59', '2023-02-02 06:58:59'),
(54, 'gzdzowag', 21, 'RUTINARIO', '30.00', '2023-02-02 06:58:59', '2023-02-02 06:58:59'),
(55, 'wxqemqxw', 21, 'RUTINARIO', '30.00', '2023-02-02 06:58:59', '2023-02-02 06:58:59'),
(56, 'ebvyagis', 22, 'PREVENTIVO', '30.00', '2023-02-02 06:58:59', '2023-02-02 06:58:59'),
(57, 'kgjsgfjy', 22, 'RUTINARIO', '30.00', '2023-02-02 06:59:00', '2023-02-02 06:59:00'),
(58, 'vtwhdcks', 22, 'PREVENTIVO', '30.00', '2023-02-02 06:59:00', '2023-02-02 06:59:00'),
(59, 'qxesrtzh', 22, 'RUTINARIO', '30.00', '2023-02-02 06:59:00', '2023-02-02 06:59:00'),
(60, 'mbhxvfbe', 22, 'PREVENTIVO', '30.00', '2023-02-02 06:59:00', '2023-02-02 06:59:00'),
(61, 'zkmkhwhz', 23, 'RUTINARIO', '30.00', '2023-02-02 06:59:01', '2023-02-02 06:59:01'),
(62, 'ajcrgfro', 23, 'PREVENTIVO', '30.00', '2023-02-02 06:59:01', '2023-02-02 06:59:01'),
(63, 'ssqhakpq', 23, 'RUTINARIO', '30.00', '2023-02-02 06:59:01', '2023-02-02 06:59:01'),
(64, 'hvlzmxxf', 23, 'PREVENTIVO', '30.00', '2023-02-02 06:59:01', '2023-02-02 06:59:01'),
(65, 'jaakagoc', 23, 'RUTINARIO', '30.00', '2023-02-02 06:59:01', '2023-02-02 06:59:01'),
(66, 'bawowhqj', 24, 'PREVENTIVO', '30.00', '2023-02-02 06:59:02', '2023-02-02 06:59:02'),
(67, 'phapelkw', 24, 'RUTINARIO', '30.00', '2023-02-02 06:59:02', '2023-02-02 06:59:02'),
(68, 'cjegwfby', 24, 'RUTINARIO', '30.00', '2023-02-02 06:59:02', '2023-02-02 06:59:02'),
(69, 'kraqxwdn', 24, 'PREVENTIVO', '30.00', '2023-02-02 06:59:02', '2023-02-02 06:59:02'),
(70, 'chuwqjme', 24, 'PREVENTIVO', '30.00', '2023-02-02 06:59:02', '2023-02-02 06:59:02'),
(71, 'qwruxeyi', 25, 'PREVENTIVO', '30.00', '2023-02-02 06:59:03', '2023-02-02 06:59:03'),
(72, 'hphhhtwi', 25, 'PREVENTIVO', '30.00', '2023-02-02 06:59:03', '2023-02-02 06:59:03'),
(73, 'lzlpgqjd', 25, 'RUTINARIO', '30.00', '2023-02-02 06:59:03', '2023-02-02 06:59:03'),
(74, 'hxurntcp', 25, 'RUTINARIO', '30.00', '2023-02-02 06:59:03', '2023-02-02 06:59:03'),
(75, 'yxeefmfy', 25, 'PREVENTIVO', '30.00', '2023-02-02 06:59:03', '2023-02-02 06:59:03'),
(76, 'ckichkss', 26, 'PREVENTIVO', '30.00', '2023-02-02 06:59:04', '2023-02-02 06:59:04'),
(77, 'xhzalteo', 26, 'PREVENTIVO', '30.00', '2023-02-02 06:59:04', '2023-02-02 06:59:04'),
(78, 'nuysmzvo', 26, 'RUTINARIO', '30.00', '2023-02-02 06:59:04', '2023-02-02 06:59:04'),
(79, 'bjxlipmd', 26, 'PREVENTIVO', '30.00', '2023-02-02 06:59:04', '2023-02-02 06:59:04'),
(80, 'nzmockkj', 26, 'RUTINARIO', '30.00', '2023-02-02 06:59:04', '2023-02-02 06:59:04'),
(81, 'fwubewju', 27, 'RUTINARIO', '30.00', '2023-02-02 06:59:04', '2023-02-02 06:59:04'),
(82, 'azustrun', 27, 'PREVENTIVO', '30.00', '2023-02-02 06:59:05', '2023-02-02 06:59:05'),
(83, 'vjvdeqic', 27, 'RUTINARIO', '30.00', '2023-02-02 06:59:05', '2023-02-02 06:59:05'),
(84, 'irsfesco', 27, 'RUTINARIO', '30.00', '2023-02-02 06:59:05', '2023-02-02 06:59:05'),
(85, 'wcfjqydd', 27, 'PREVENTIVO', '30.00', '2023-02-02 06:59:05', '2023-02-02 06:59:05'),
(86, 'jhtocoxa', 28, 'RUTINARIO', '30.00', '2023-02-02 06:59:05', '2023-02-02 06:59:05'),
(87, 'usyhting', 28, 'PREVENTIVO', '30.00', '2023-02-02 06:59:05', '2023-02-02 06:59:05'),
(88, 'wwlrwswg', 28, 'PREVENTIVO', '30.00', '2023-02-02 06:59:06', '2023-02-02 06:59:06'),
(89, 'jexsppmp', 28, 'PREVENTIVO', '30.00', '2023-02-02 06:59:06', '2023-02-02 06:59:06'),
(90, 'bsnfhhnp', 28, 'PREVENTIVO', '30.00', '2023-02-02 06:59:06', '2023-02-02 06:59:06'),
(91, 'jizhxhvk', 29, 'RUTINARIO', '30.00', '2023-02-02 06:59:06', '2023-02-02 06:59:06'),
(92, 'vioedehj', 29, 'RUTINARIO', '30.00', '2023-02-02 06:59:06', '2023-02-02 06:59:06'),
(93, 'kcbrmcwt', 29, 'PREVENTIVO', '30.00', '2023-02-02 06:59:07', '2023-02-02 06:59:07'),
(94, 'bxvjpruc', 29, 'RUTINARIO', '30.00', '2023-02-02 06:59:07', '2023-02-02 06:59:07'),
(95, 'ghgrqkic', 29, 'PREVENTIVO', '30.00', '2023-02-02 06:59:07', '2023-02-02 06:59:07'),
(96, 'qdhhawmf', 30, 'RUTINARIO', '30.00', '2023-02-02 06:59:07', '2023-02-02 06:59:07'),
(97, 'hshzkeni', 30, 'RUTINARIO', '30.00', '2023-02-02 06:59:08', '2023-02-02 06:59:08'),
(98, 'pxhadfhc', 30, 'PREVENTIVO', '30.00', '2023-02-02 06:59:08', '2023-02-02 06:59:08'),
(99, 'rtvdqqwz', 30, 'PREVENTIVO', '30.00', '2023-02-02 06:59:08', '2023-02-02 06:59:08'),
(100, 'wqxzeqbp', 30, 'PREVENTIVO', '30.00', '2023-02-02 06:59:08', '2023-02-02 06:59:08'),
(101, 'iiafijwo', 31, 'PREVENTIVO', '30.00', '2023-02-02 06:59:09', '2023-02-02 06:59:09'),
(102, 'jkwiekid', 31, 'RUTINARIO', '30.00', '2023-02-02 06:59:09', '2023-02-02 06:59:09'),
(103, 'dlfworqj', 31, 'RUTINARIO', '30.00', '2023-02-02 06:59:09', '2023-02-02 06:59:09'),
(104, 'tgryfclg', 31, 'RUTINARIO', '30.00', '2023-02-02 06:59:09', '2023-02-02 06:59:09'),
(105, 'lcnirdyh', 31, 'RUTINARIO', '30.00', '2023-02-02 06:59:10', '2023-02-02 06:59:10'),
(106, 'jejdmuqk', 32, 'RUTINARIO', '30.00', '2023-02-02 06:59:10', '2023-02-02 06:59:10'),
(107, 'czrsmhuv', 32, 'RUTINARIO', '30.00', '2023-02-02 06:59:10', '2023-02-02 06:59:10'),
(108, 'avmrpqid', 32, 'PREVENTIVO', '30.00', '2023-02-02 06:59:10', '2023-02-02 06:59:10'),
(109, 'fcarilqj', 32, 'RUTINARIO', '30.00', '2023-02-02 06:59:10', '2023-02-02 06:59:10'),
(110, 'vmshoyck', 32, 'RUTINARIO', '30.00', '2023-02-02 06:59:11', '2023-02-02 06:59:11'),
(111, 'kflfamwd', 33, 'PREVENTIVO', '30.00', '2023-02-02 06:59:11', '2023-02-02 06:59:11'),
(112, 'oyxmcihc', 33, 'PREVENTIVO', '30.00', '2023-02-02 06:59:11', '2023-02-02 06:59:11'),
(113, 'zrpmnjzq', 33, 'PREVENTIVO', '30.00', '2023-02-02 06:59:12', '2023-02-02 06:59:12'),
(114, 'cjsoqxed', 33, 'RUTINARIO', '30.00', '2023-02-02 06:59:12', '2023-02-02 06:59:12'),
(115, 'kovrrqhg', 33, 'PREVENTIVO', '30.00', '2023-02-02 06:59:12', '2023-02-02 06:59:12'),
(116, 'kwtvmikw', 34, 'PREVENTIVO', '30.00', '2023-02-02 06:59:12', '2023-02-02 06:59:12'),
(117, 'uiiispwv', 34, 'PREVENTIVO', '30.00', '2023-02-02 06:59:12', '2023-02-02 06:59:12'),
(118, 'uvvkjukb', 34, 'RUTINARIO', '30.00', '2023-02-02 06:59:13', '2023-02-02 06:59:13'),
(119, 'hltyejbn', 34, 'PREVENTIVO', '30.00', '2023-02-02 06:59:13', '2023-02-02 06:59:13'),
(120, 'uzbjyptx', 34, 'RUTINARIO', '30.00', '2023-02-02 06:59:13', '2023-02-02 06:59:13'),
(121, 'sytmrxty', 35, 'RUTINARIO', '30.00', '2023-02-02 06:59:13', '2023-02-02 06:59:13'),
(122, 'ulnozdlc', 35, 'RUTINARIO', '30.00', '2023-02-02 06:59:13', '2023-02-02 06:59:13'),
(123, 'rzknlbhy', 35, 'PREVENTIVO', '30.00', '2023-02-02 06:59:14', '2023-02-02 06:59:14'),
(124, 'rsfstyqz', 35, 'RUTINARIO', '30.00', '2023-02-02 06:59:14', '2023-02-02 06:59:14'),
(125, 'fsktykaw', 35, 'RUTINARIO', '30.00', '2023-02-02 06:59:14', '2023-02-02 06:59:14'),
(126, 'tdcybcyg', 36, 'RUTINARIO', '30.00', '2023-02-02 06:59:14', '2023-02-02 06:59:14'),
(127, 'nwuvwdzg', 36, 'RUTINARIO', '30.00', '2023-02-02 06:59:14', '2023-02-02 06:59:14'),
(128, 'lxbugouk', 36, 'RUTINARIO', '30.00', '2023-02-02 06:59:14', '2023-02-02 06:59:14'),
(129, 'yvxkkepp', 36, 'RUTINARIO', '30.00', '2023-02-02 06:59:15', '2023-02-02 06:59:15'),
(130, 'igzazzbz', 36, 'RUTINARIO', '30.00', '2023-02-02 06:59:15', '2023-02-02 06:59:15'),
(131, 'yxpgimpk', 37, 'PREVENTIVO', '30.00', '2023-02-02 06:59:15', '2023-02-02 06:59:15'),
(132, 'huubugvq', 37, 'PREVENTIVO', '30.00', '2023-02-02 06:59:15', '2023-02-02 06:59:15'),
(133, 'txcbknrt', 37, 'PREVENTIVO', '30.00', '2023-02-02 06:59:16', '2023-02-02 06:59:16'),
(134, 'rzclepfq', 37, 'PREVENTIVO', '30.00', '2023-02-02 06:59:16', '2023-02-02 06:59:16'),
(135, 'vgtrtttl', 37, 'RUTINARIO', '30.00', '2023-02-02 06:59:16', '2023-02-02 06:59:16'),
(136, 'bdtgqtld', 38, 'RUTINARIO', '30.00', '2023-02-02 06:59:16', '2023-02-02 06:59:16'),
(137, 'qissneqv', 38, 'RUTINARIO', '30.00', '2023-02-02 06:59:16', '2023-02-02 06:59:16'),
(138, 'mulazcey', 38, 'PREVENTIVO', '30.00', '2023-02-02 06:59:16', '2023-02-02 06:59:16'),
(139, 'efkrfeaa', 38, 'RUTINARIO', '30.00', '2023-02-02 06:59:17', '2023-02-02 06:59:17'),
(140, 'enmdbrqn', 38, 'PREVENTIVO', '30.00', '2023-02-02 06:59:17', '2023-02-02 06:59:17'),
(141, 'zufqqlmd', 39, 'RUTINARIO', '30.00', '2023-02-02 06:59:17', '2023-02-02 06:59:17'),
(142, 'jsdcodlu', 39, 'RUTINARIO', '30.00', '2023-02-02 06:59:18', '2023-02-02 06:59:18'),
(143, 'zeleqnqj', 39, 'RUTINARIO', '30.00', '2023-02-02 06:59:18', '2023-02-02 06:59:18'),
(144, 'foakyhpo', 39, 'RUTINARIO', '30.00', '2023-02-02 06:59:18', '2023-02-02 06:59:18'),
(145, 'hskanxrd', 39, 'RUTINARIO', '30.00', '2023-02-02 06:59:18', '2023-02-02 06:59:18'),
(146, 'qlwhfddy', 40, 'RUTINARIO', '30.00', '2023-02-02 06:59:18', '2023-02-02 06:59:18'),
(147, 'vfrtczrl', 40, 'RUTINARIO', '30.00', '2023-02-02 06:59:19', '2023-02-02 06:59:19'),
(148, 'itkkdykp', 40, 'PREVENTIVO', '30.00', '2023-02-02 06:59:19', '2023-02-02 06:59:19'),
(149, 'qdcnzvnb', 40, 'PREVENTIVO', '30.00', '2023-02-02 06:59:19', '2023-02-02 06:59:19'),
(150, 'dvteuuvu', 40, 'PREVENTIVO', '30.00', '2023-02-02 06:59:19', '2023-02-02 06:59:19'),
(151, 'vniqkugx', 41, 'RUTINARIO', '30.00', '2023-02-02 06:59:20', '2023-02-02 06:59:20'),
(152, 'hcyzcgvx', 41, 'RUTINARIO', '30.00', '2023-02-02 06:59:20', '2023-02-02 06:59:20'),
(153, 'uchibqtu', 41, 'PREVENTIVO', '30.00', '2023-02-02 06:59:20', '2023-02-02 06:59:20'),
(154, 'zqknqmml', 41, 'RUTINARIO', '30.00', '2023-02-02 06:59:20', '2023-02-02 06:59:20'),
(155, 'afodtadd', 41, 'RUTINARIO', '30.00', '2023-02-02 06:59:20', '2023-02-02 06:59:20'),
(156, 'sozsvcrv', 42, 'PREVENTIVO', '30.00', '2023-02-02 06:59:21', '2023-02-02 06:59:21'),
(157, 'gyuhphoa', 42, 'RUTINARIO', '30.00', '2023-02-02 06:59:21', '2023-02-02 06:59:21'),
(158, 'ffubtukm', 42, 'RUTINARIO', '30.00', '2023-02-02 06:59:21', '2023-02-02 06:59:21'),
(159, 'sbxolqfm', 42, 'PREVENTIVO', '30.00', '2023-02-02 06:59:21', '2023-02-02 06:59:21'),
(160, 'wunpjowk', 42, 'RUTINARIO', '30.00', '2023-02-02 06:59:21', '2023-02-02 06:59:21'),
(161, 'cbpadncl', 43, 'RUTINARIO', '30.00', '2023-02-02 06:59:22', '2023-02-02 06:59:22'),
(162, 'gzxsppgi', 43, 'PREVENTIVO', '30.00', '2023-02-02 06:59:22', '2023-02-02 06:59:22'),
(163, 'owrzngaq', 43, 'PREVENTIVO', '30.00', '2023-02-02 06:59:22', '2023-02-02 06:59:22'),
(164, 'mdwukkpr', 43, 'PREVENTIVO', '30.00', '2023-02-02 06:59:22', '2023-02-02 06:59:22'),
(165, 'kqckzzsz', 43, 'PREVENTIVO', '30.00', '2023-02-02 06:59:22', '2023-02-02 06:59:22'),
(166, 'wzjvjulj', 44, 'PREVENTIVO', '30.00', '2023-02-02 06:59:23', '2023-02-02 06:59:23'),
(167, 'nhbszvbj', 44, 'PREVENTIVO', '30.00', '2023-02-02 06:59:23', '2023-02-02 06:59:23'),
(168, 'siagkrrt', 44, 'RUTINARIO', '30.00', '2023-02-02 06:59:23', '2023-02-02 06:59:23'),
(169, 'ypibacrh', 44, 'RUTINARIO', '30.00', '2023-02-02 06:59:23', '2023-02-02 06:59:23'),
(170, 'yyjcgmvd', 44, 'RUTINARIO', '30.00', '2023-02-02 06:59:23', '2023-02-02 06:59:23'),
(171, 'qtcnlkfd', 45, 'RUTINARIO', '30.00', '2023-02-02 06:59:24', '2023-02-02 06:59:24'),
(172, 'vllxhmqo', 45, 'PREVENTIVO', '30.00', '2023-02-02 06:59:24', '2023-02-02 06:59:24'),
(173, 'oiyrnucr', 45, 'PREVENTIVO', '30.00', '2023-02-02 06:59:24', '2023-02-02 06:59:24'),
(174, 'stnoyyle', 45, 'PREVENTIVO', '30.00', '2023-02-02 06:59:24', '2023-02-02 06:59:24'),
(175, 'ryhozvdl', 45, 'RUTINARIO', '30.00', '2023-02-02 06:59:24', '2023-02-02 06:59:24'),
(176, 'oeusrcby', 46, 'RUTINARIO', '30.00', '2023-02-02 06:59:25', '2023-02-02 06:59:25'),
(177, 'ytorcxky', 46, 'RUTINARIO', '30.00', '2023-02-02 06:59:25', '2023-02-02 06:59:25'),
(178, 'itiimmli', 46, 'PREVENTIVO', '30.00', '2023-02-02 06:59:25', '2023-02-02 06:59:25'),
(179, 'mhatkfcn', 46, 'PREVENTIVO', '30.00', '2023-02-02 06:59:25', '2023-02-02 06:59:25'),
(180, 'tfeyrjyd', 46, 'RUTINARIO', '30.00', '2023-02-02 06:59:26', '2023-02-02 06:59:26');

-- --------------------------------------------------------

--
-- Estructura de tabla para la tabla `tractors`
--

CREATE TABLE `tractors` (
  `id` bigint(20) UNSIGNED NOT NULL,
  `modelo_de_tractor_id` bigint(20) UNSIGNED NOT NULL,
  `numero` int(11) NOT NULL,
  `horometro` decimal(8,2) NOT NULL,
  `sede_id` bigint(20) UNSIGNED NOT NULL,
  `created_at` timestamp NULL DEFAULT NULL,
  `updated_at` timestamp NULL DEFAULT NULL
) ENGINE=InnoDB DEFAULT CHARSET=utf8mb4;

--
-- Volcado de datos para la tabla `tractors`
--

INSERT INTO `tractors` (`id`, `modelo_de_tractor_id`, `numero`, `horometro`, `sede_id`, `created_at`, `updated_at`) VALUES
(1, 1, 357, '198.71', 2, '2023-02-02 06:58:47', '2023-02-02 06:58:47'),
(2, 1, 348, '94.93', 1, '2023-02-02 06:58:47', '2023-02-02 06:58:47'),
(3, 1, 751, '226.22', 2, '2023-02-02 06:58:47', '2023-02-02 06:58:47'),
(4, 1, 88, '172.62', 1, '2023-02-02 06:58:47', '2023-02-02 06:58:47'),
(5, 1, 672, '96.40', 1, '2023-02-02 06:58:47', '2023-02-02 06:58:47'),
(6, 1, 999, '134.12', 2, '2023-02-02 06:58:48', '2023-02-02 06:58:48'),
(7, 1, 663, '98.96', 1, '2023-02-02 06:58:48', '2023-02-02 06:58:48'),
(8, 2, 625, '282.63', 2, '2023-02-02 06:58:48', '2023-02-02 06:58:48'),
(9, 2, 556, '241.60', 1, '2023-02-02 06:58:48', '2023-02-02 06:58:48'),
(10, 2, 726, '278.00', 1, '2023-02-02 06:58:48', '2023-02-02 06:58:48'),
(11, 2, 522, '226.19', 1, '2023-02-02 06:58:48', '2023-02-02 06:58:48'),
(12, 2, 323, '267.75', 2, '2023-02-02 06:58:48', '2023-02-02 06:58:48'),
(13, 2, 974, '32.35', 1, '2023-02-02 06:58:48', '2023-02-02 06:58:48'),
(14, 2, 147, '268.52', 1, '2023-02-02 06:58:48', '2023-02-02 06:58:48'),
(15, 3, 827, '96.30', 2, '2023-02-02 06:58:48', '2023-02-02 06:58:48'),
(16, 3, 222, '211.11', 2, '2023-02-02 06:58:48', '2023-02-02 06:58:48'),
(17, 3, 432, '173.29', 2, '2023-02-02 06:58:48', '2023-02-02 06:58:48'),
(18, 3, 757, '296.10', 1, '2023-02-02 06:58:48', '2023-02-02 06:58:48'),
(19, 3, 727, '140.76', 1, '2023-02-02 06:58:48', '2023-02-02 06:58:48'),
(20, 3, 577, '32.17', 1, '2023-02-02 06:58:48', '2023-02-02 06:58:48'),
(21, 3, 892, '262.68', 1, '2023-02-02 06:58:48', '2023-02-02 06:58:48');

-- --------------------------------------------------------

--
-- Estructura de tabla para la tabla `unidad_de_medidas`
--

CREATE TABLE `unidad_de_medidas` (
  `id` bigint(20) UNSIGNED NOT NULL,
  `unidad_de_medida` varchar(255) NOT NULL,
  `abreviacion` varchar(5) NOT NULL,
  `created_at` timestamp NULL DEFAULT NULL,
  `updated_at` timestamp NULL DEFAULT NULL
) ENGINE=InnoDB DEFAULT CHARSET=utf8mb4;

--
-- Volcado de datos para la tabla `unidad_de_medidas`
--

INSERT INTO `unidad_de_medidas` (`id`, `unidad_de_medida`, `abreviacion`, `created_at`, `updated_at`) VALUES
(1, 'lomwejiy', 'zlt', '2023-02-02 06:58:44', '2023-02-02 06:58:44'),
(2, 'asvyvztt', 'irh', '2023-02-02 06:58:44', '2023-02-02 06:58:44'),
(3, 'jcpmdyma', 'slw', '2023-02-02 06:58:44', '2023-02-02 06:58:44'),
(4, 'rdcpmzih', 'nut', '2023-02-02 06:58:44', '2023-02-02 06:58:44'),
(5, 'gortnwyi', 'drr', '2023-02-02 06:58:44', '2023-02-02 06:58:44'),
(6, 'fesndrbp', 'aak', '2023-02-02 06:58:44', '2023-02-02 06:58:44'),
(7, 'ibehhdgm', 'tox', '2023-02-02 06:58:44', '2023-02-02 06:58:44'),
(8, 'stwvfyoy', 'zsw', '2023-02-02 06:58:44', '2023-02-02 06:58:44'),
(9, 'zwowcexg', 'smo', '2023-02-02 06:58:44', '2023-02-02 06:58:44'),
(10, 'awowxexj', 'skb', '2023-02-02 06:58:44', '2023-02-02 06:58:44');

-- --------------------------------------------------------

--
-- Estructura de tabla para la tabla `users`
--

CREATE TABLE `users` (
  `id` bigint(20) UNSIGNED NOT NULL,
  `codigo` varchar(255) NOT NULL,
  `name` varchar(255) NOT NULL,
  `email` varchar(255) DEFAULT NULL,
  `email_verified_at` timestamp NULL DEFAULT NULL,
  `password` varchar(255) NOT NULL,
  `two_factor_secret` text DEFAULT NULL,
  `two_factor_recovery_codes` text DEFAULT NULL,
  `two_factor_confirmed_at` timestamp NULL DEFAULT NULL,
  `is_admin` tinyint(1) NOT NULL,
  `remember_token` varchar(100) DEFAULT NULL,
  `sede_id` bigint(20) UNSIGNED NOT NULL,
  `current_team_id` bigint(20) UNSIGNED DEFAULT NULL,
  `profile_photo_path` varchar(2048) DEFAULT NULL,
  `created_at` timestamp NULL DEFAULT NULL,
  `updated_at` timestamp NULL DEFAULT NULL
) ENGINE=InnoDB DEFAULT CHARSET=utf8mb4;

--
-- Volcado de datos para la tabla `users`
--

INSERT INTO `users` (`id`, `codigo`, `name`, `email`, `email_verified_at`, `password`, `two_factor_secret`, `two_factor_recovery_codes`, `two_factor_confirmed_at`, `is_admin`, `remember_token`, `sede_id`, `current_team_id`, `profile_photo_path`, `created_at`, `updated_at`) VALUES
(1, '776075', 'Mr. Juston Kuphal MD', 'fahey.don@example.net', '2023-02-02 06:58:46', '$2y$10$92IXUNpkjO0rOQ5byMi.Ye4oKoEa3Ro9llC/.og/at2.uheWG/igi', NULL, NULL, NULL, 0, 'eWg9aiIsAz', 1, NULL, NULL, '2023-02-02 06:58:46', '2023-02-02 06:58:46'),
(2, '992040', 'Miss Magali Greenfelder DVM', 'predovic.adolphus@example.net', '2023-02-02 06:58:46', '$2y$10$92IXUNpkjO0rOQ5byMi.Ye4oKoEa3Ro9llC/.og/at2.uheWG/igi', NULL, NULL, NULL, 0, '4FVrDPZprd', 1, NULL, NULL, '2023-02-02 06:58:46', '2023-02-02 06:58:46'),
(3, '745919', 'Candida Schmidt', 'hbatz@example.net', '2023-02-02 06:58:46', '$2y$10$92IXUNpkjO0rOQ5byMi.Ye4oKoEa3Ro9llC/.og/at2.uheWG/igi', NULL, NULL, NULL, 0, 'ZqUhDM0qTI', 1, NULL, NULL, '2023-02-02 06:58:46', '2023-02-02 06:58:46'),
(4, '650579', 'Aimee Gusikowski', 'nick.thiel@example.com', '2023-02-02 06:58:47', '$2y$10$92IXUNpkjO0rOQ5byMi.Ye4oKoEa3Ro9llC/.og/at2.uheWG/igi', NULL, NULL, NULL, 0, '9pP1WVrk2k', 2, NULL, NULL, '2023-02-02 06:58:47', '2023-02-02 06:58:47'),
(5, '730991', 'Magali Hauck Jr.', 'huel.ariane@example.com', '2023-02-02 06:58:47', '$2y$10$92IXUNpkjO0rOQ5byMi.Ye4oKoEa3Ro9llC/.og/at2.uheWG/igi', NULL, NULL, NULL, 0, 'SZc0lN2PHh', 2, NULL, NULL, '2023-02-02 06:58:47', '2023-02-02 06:58:47'),
(6, '906385', 'Mr. Jeffery Kutch', 'homenick.susana@example.com', '2023-02-02 06:58:47', '$2y$10$92IXUNpkjO0rOQ5byMi.Ye4oKoEa3Ro9llC/.og/at2.uheWG/igi', NULL, NULL, NULL, 0, 'AwhiL3clxG', 2, NULL, NULL, '2023-02-02 06:58:47', '2023-02-02 06:58:47');

--
-- Índices para tablas volcadas
--

--
-- Indices de la tabla `articulos`
--
ALTER TABLE `articulos`
  ADD PRIMARY KEY (`id`),
  ADD UNIQUE KEY `articulos_codigo_unique` (`codigo`),
  ADD UNIQUE KEY `articulos_articulo_unique` (`articulo`),
  ADD KEY `articulos_unidad_de_medida_id_foreign` (`unidad_de_medida_id`);

--
-- Indices de la tabla `articulo_para_tareas`
--
ALTER TABLE `articulo_para_tareas`
  ADD PRIMARY KEY (`id`),
  ADD KEY `articulo_para_tareas_tarea_id_foreign` (`tarea_id`);

--
-- Indices de la tabla `centro_de_costos`
--
ALTER TABLE `centro_de_costos`
  ADD PRIMARY KEY (`id`),
  ADD UNIQUE KEY `centro_de_costos_codigo_unique` (`codigo`),
  ADD KEY `centro_de_costos_sede_id_foreign` (`sede_id`);

--
-- Indices de la tabla `componente_por_implementos`
--
ALTER TABLE `componente_por_implementos`
  ADD PRIMARY KEY (`id`),
  ADD UNIQUE KEY `componente_por_implementos_articulo_id_implemento_id_unique` (`articulo_id`,`implemento_id`),
  ADD KEY `componente_por_implementos_implemento_id_foreign` (`implemento_id`);

--
-- Indices de la tabla `componente_por_modelos`
--
ALTER TABLE `componente_por_modelos`
  ADD PRIMARY KEY (`id`),
  ADD UNIQUE KEY `componente_por_modelos_articulo_id_modelo_id_unique` (`articulo_id`,`modelo_id`),
  ADD KEY `componente_por_modelos_modelo_id_foreign` (`modelo_id`);

--
-- Indices de la tabla `detalle_de_solicitud_de_pedidos`
--
ALTER TABLE `detalle_de_solicitud_de_pedidos`
  ADD PRIMARY KEY (`id`),
  ADD KEY `detalle_de_solicitud_de_pedidos_solicitud_de_pedido_id_foreign` (`solicitud_de_pedido_id`),
  ADD KEY `detalle_de_solicitud_de_pedidos_articulo_id_foreign` (`articulo_id`);

--
-- Indices de la tabla `detalle_monto_cecos`
--
ALTER TABLE `detalle_monto_cecos`
  ADD PRIMARY KEY (`id`),
  ADD KEY `detalle_monto_cecos_centro_de_costo_id_foreign` (`centro_de_costo_id`);

--
-- Indices de la tabla `epps`
--
ALTER TABLE `epps`
  ADD PRIMARY KEY (`id`),
  ADD UNIQUE KEY `epps_epp_unique` (`epp`);

--
-- Indices de la tabla `epp_por_riesgos`
--
ALTER TABLE `epp_por_riesgos`
  ADD PRIMARY KEY (`id`),
  ADD UNIQUE KEY `epp_por_riesgos_epp_id_riesgo_id_unique` (`epp_id`,`riesgo_id`),
  ADD KEY `epp_por_riesgos_riesgo_id_foreign` (`riesgo_id`);

--
-- Indices de la tabla `failed_jobs`
--
ALTER TABLE `failed_jobs`
  ADD PRIMARY KEY (`id`),
  ADD UNIQUE KEY `failed_jobs_uuid_unique` (`uuid`);

--
-- Indices de la tabla `fecha_de_pedidos`
--
ALTER TABLE `fecha_de_pedidos`
  ADD PRIMARY KEY (`id`);

--
-- Indices de la tabla `fundos`
--
ALTER TABLE `fundos`
  ADD PRIMARY KEY (`id`),
  ADD UNIQUE KEY `fundos_fundo_unique` (`fundo`),
  ADD KEY `fundos_sede_id_foreign` (`sede_id`);

--
-- Indices de la tabla `implementos`
--
ALTER TABLE `implementos`
  ADD PRIMARY KEY (`id`),
  ADD UNIQUE KEY `implementos_modelo_del_implemento_id_numero_unique` (`modelo_del_implemento_id`,`numero`),
  ADD KEY `implementos_responsable_foreign` (`responsable`),
  ADD KEY `implementos_sede_id_foreign` (`sede_id`),
  ADD KEY `implementos_centro_de_costo_id_foreign` (`centro_de_costo_id`);

--
-- Indices de la tabla `labors`
--
ALTER TABLE `labors`
  ADD PRIMARY KEY (`id`),
  ADD UNIQUE KEY `labors_labor_unique` (`labor`);

--
-- Indices de la tabla `lotes`
--
ALTER TABLE `lotes`
  ADD PRIMARY KEY (`id`),
  ADD UNIQUE KEY `lotes_lote_unique` (`lote`),
  ADD KEY `lotes_fundo_id_foreign` (`fundo_id`);

--
-- Indices de la tabla `migrations`
--
ALTER TABLE `migrations`
  ADD PRIMARY KEY (`id`);

--
-- Indices de la tabla `modelo_del_implementos`
--
ALTER TABLE `modelo_del_implementos`
  ADD PRIMARY KEY (`id`),
  ADD UNIQUE KEY `modelo_del_implementos_modelo_de_implemento_unique` (`modelo_de_implemento`);

--
-- Indices de la tabla `modelo_de_tractors`
--
ALTER TABLE `modelo_de_tractors`
  ADD PRIMARY KEY (`id`),
  ADD UNIQUE KEY `modelo_de_tractors_modelo_de_tractor_unique` (`modelo_de_tractor`);

--
-- Indices de la tabla `model_has_permissions`
--
ALTER TABLE `model_has_permissions`
  ADD PRIMARY KEY (`permission_id`,`model_id`,`model_type`),
  ADD KEY `model_has_permissions_model_id_model_type_index` (`model_id`,`model_type`);

--
-- Indices de la tabla `model_has_roles`
--
ALTER TABLE `model_has_roles`
  ADD PRIMARY KEY (`role_id`,`model_id`,`model_type`),
  ADD KEY `model_has_roles_model_id_model_type_index` (`model_id`,`model_type`);

--
-- Indices de la tabla `password_resets`
--
ALTER TABLE `password_resets`
  ADD PRIMARY KEY (`email`);

--
-- Indices de la tabla `permissions`
--
ALTER TABLE `permissions`
  ADD PRIMARY KEY (`id`),
  ADD UNIQUE KEY `permissions_name_guard_name_unique` (`name`,`guard_name`);

--
-- Indices de la tabla `personal_access_tokens`
--
ALTER TABLE `personal_access_tokens`
  ADD PRIMARY KEY (`id`),
  ADD UNIQUE KEY `personal_access_tokens_token_unique` (`token`),
  ADD KEY `personal_access_tokens_tokenable_type_tokenable_id_index` (`tokenable_type`,`tokenable_id`);

--
-- Indices de la tabla `pieza_por_componentes`
--
ALTER TABLE `pieza_por_componentes`
  ADD PRIMARY KEY (`id`),
  ADD UNIQUE KEY `pieza_por_componentes_pieza_componente_por_implemento_id_unique` (`pieza`,`componente_por_implemento_id`),
  ADD KEY `pieza_por_componentes_componente_por_implemento_id_foreign` (`componente_por_implemento_id`);

--
-- Indices de la tabla `pieza_por_modelos`
--
ALTER TABLE `pieza_por_modelos`
  ADD PRIMARY KEY (`id`),
  ADD UNIQUE KEY `pieza_por_modelos_pieza_articulo_id_unique` (`pieza`,`articulo_id`),
  ADD KEY `pieza_por_modelos_articulo_id_foreign` (`articulo_id`);

--
-- Indices de la tabla `programacion_de_tractors`
--
ALTER TABLE `programacion_de_tractors`
  ADD PRIMARY KEY (`id`),
  ADD KEY `programacion_de_tractors_tractorista_foreign` (`tractorista`),
  ADD KEY `programacion_de_tractors_labor_id_foreign` (`labor_id`),
  ADD KEY `programacion_de_tractors_tractor_id_foreign` (`tractor_id`),
  ADD KEY `programacion_de_tractors_implemento_id_foreign` (`implemento_id`),
  ADD KEY `programacion_de_tractors_lote_id_foreign` (`lote_id`),
  ADD KEY `programacion_de_tractors_sede_id_foreign` (`sede_id`),
  ADD KEY `programacion_de_tractors_validado_por_foreign` (`validado_por`);

--
-- Indices de la tabla `reporte_de_tractors`
--
ALTER TABLE `reporte_de_tractors`
  ADD PRIMARY KEY (`id`),
  ADD UNIQUE KEY `reporte_de_tractors_correlativo_unique` (`correlativo`),
  ADD KEY `reporte_de_tractors_tractorista_foreign` (`tractorista`),
  ADD KEY `reporte_de_tractors_tractor_id_foreign` (`tractor_id`),
  ADD KEY `reporte_de_tractors_labor_id_foreign` (`labor_id`),
  ADD KEY `reporte_de_tractors_implemento_id_foreign` (`implemento_id`),
  ADD KEY `reporte_de_tractors_lote_id_foreign` (`lote_id`),
  ADD KEY `reporte_de_tractors_sede_id_foreign` (`sede_id`),
  ADD KEY `reporte_de_tractors_validado_por_foreign` (`validado_por`);

--
-- Indices de la tabla `riesgos`
--
ALTER TABLE `riesgos`
  ADD PRIMARY KEY (`id`);

--
-- Indices de la tabla `roles`
--
ALTER TABLE `roles`
  ADD PRIMARY KEY (`id`),
  ADD UNIQUE KEY `roles_name_guard_name_unique` (`name`,`guard_name`);

--
-- Indices de la tabla `role_has_permissions`
--
ALTER TABLE `role_has_permissions`
  ADD PRIMARY KEY (`permission_id`,`role_id`),
  ADD KEY `role_has_permissions_role_id_foreign` (`role_id`);

--
-- Indices de la tabla `rutinarios`
--
ALTER TABLE `rutinarios`
  ADD PRIMARY KEY (`id`),
  ADD KEY `rutinarios_programacion_de_tractor_id_foreign` (`programacion_de_tractor_id`),
  ADD KEY `rutinarios_tarea_id_foreign` (`tarea_id`),
  ADD KEY `rutinarios_validado_por_foreign` (`validado_por`);

--
-- Indices de la tabla `sedes`
--
ALTER TABLE `sedes`
  ADD PRIMARY KEY (`id`),
  ADD UNIQUE KEY `sedes_sede_unique` (`sede`);

--
-- Indices de la tabla `sessions`
--
ALTER TABLE `sessions`
  ADD PRIMARY KEY (`id`),
  ADD KEY `sessions_user_id_index` (`user_id`),
  ADD KEY `sessions_last_activity_index` (`last_activity`);

--
-- Indices de la tabla `solicitud_de_nuevo_articulos`
--
ALTER TABLE `solicitud_de_nuevo_articulos`
  ADD PRIMARY KEY (`id`),
  ADD KEY `solicitud_de_nuevo_articulos_solicitud_de_pedido_id_foreign` (`solicitud_de_pedido_id`),
  ADD KEY `solicitud_de_nuevo_articulos_unidad_de_medida_id_foreign` (`unidad_de_medida_id`),
  ADD KEY `solicitud_de_nuevo_articulos_articulo_id_foreign` (`articulo_id`);

--
-- Indices de la tabla `solicitud_de_pedidos`
--
ALTER TABLE `solicitud_de_pedidos`
  ADD PRIMARY KEY (`id`),
  ADD KEY `solicitud_de_pedidos_solicitante_foreign` (`solicitante`),
  ADD KEY `solicitud_de_pedidos_implemento_id_foreign` (`implemento_id`),
  ADD KEY `solicitud_de_pedidos_validado_por_foreign` (`validado_por`),
  ADD KEY `solicitud_de_pedidos_fecha_de_pedido_id_foreign` (`fecha_de_pedido_id`);

--
-- Indices de la tabla `tareas`
--
ALTER TABLE `tareas`
  ADD PRIMARY KEY (`id`),
  ADD UNIQUE KEY `tareas_tarea_unique` (`tarea`),
  ADD KEY `tareas_articulo_id_foreign` (`articulo_id`);

--
-- Indices de la tabla `tractors`
--
ALTER TABLE `tractors`
  ADD PRIMARY KEY (`id`),
  ADD UNIQUE KEY `tractors_modelo_de_tractor_id_numero_unique` (`modelo_de_tractor_id`,`numero`),
  ADD KEY `tractors_sede_id_foreign` (`sede_id`);

--
-- Indices de la tabla `unidad_de_medidas`
--
ALTER TABLE `unidad_de_medidas`
  ADD PRIMARY KEY (`id`),
  ADD UNIQUE KEY `unidad_de_medidas_unidad_de_medida_unique` (`unidad_de_medida`),
  ADD UNIQUE KEY `unidad_de_medidas_abreviacion_unique` (`abreviacion`);

--
-- Indices de la tabla `users`
--
ALTER TABLE `users`
  ADD PRIMARY KEY (`id`),
  ADD UNIQUE KEY `users_codigo_unique` (`codigo`),
  ADD UNIQUE KEY `users_email_unique` (`email`),
  ADD KEY `users_sede_id_foreign` (`sede_id`);

--
-- AUTO_INCREMENT de las tablas volcadas
--

--
-- AUTO_INCREMENT de la tabla `articulos`
--
ALTER TABLE `articulos`
  MODIFY `id` bigint(20) UNSIGNED NOT NULL AUTO_INCREMENT, AUTO_INCREMENT=83;

--
-- AUTO_INCREMENT de la tabla `articulo_para_tareas`
--
ALTER TABLE `articulo_para_tareas`
  MODIFY `id` bigint(20) UNSIGNED NOT NULL AUTO_INCREMENT, AUTO_INCREMENT=721;

--
-- AUTO_INCREMENT de la tabla `centro_de_costos`
--
ALTER TABLE `centro_de_costos`
  MODIFY `id` bigint(20) UNSIGNED NOT NULL AUTO_INCREMENT, AUTO_INCREMENT=5;

--
-- AUTO_INCREMENT de la tabla `componente_por_implementos`
--
ALTER TABLE `componente_por_implementos`
  MODIFY `id` bigint(20) UNSIGNED NOT NULL AUTO_INCREMENT, AUTO_INCREMENT=19;

--
-- AUTO_INCREMENT de la tabla `componente_por_modelos`
--
ALTER TABLE `componente_por_modelos`
  MODIFY `id` bigint(20) UNSIGNED NOT NULL AUTO_INCREMENT, AUTO_INCREMENT=7;

--
-- AUTO_INCREMENT de la tabla `detalle_de_solicitud_de_pedidos`
--
ALTER TABLE `detalle_de_solicitud_de_pedidos`
  MODIFY `id` bigint(20) UNSIGNED NOT NULL AUTO_INCREMENT;

--
-- AUTO_INCREMENT de la tabla `detalle_monto_cecos`
--
ALTER TABLE `detalle_monto_cecos`
  MODIFY `id` bigint(20) UNSIGNED NOT NULL AUTO_INCREMENT;

--
-- AUTO_INCREMENT de la tabla `epps`
--
ALTER TABLE `epps`
  MODIFY `id` bigint(20) UNSIGNED NOT NULL AUTO_INCREMENT, AUTO_INCREMENT=21;

--
-- AUTO_INCREMENT de la tabla `epp_por_riesgos`
--
ALTER TABLE `epp_por_riesgos`
  MODIFY `id` bigint(20) UNSIGNED NOT NULL AUTO_INCREMENT;

--
-- AUTO_INCREMENT de la tabla `failed_jobs`
--
ALTER TABLE `failed_jobs`
  MODIFY `id` bigint(20) UNSIGNED NOT NULL AUTO_INCREMENT;

--
-- AUTO_INCREMENT de la tabla `fecha_de_pedidos`
--
ALTER TABLE `fecha_de_pedidos`
  MODIFY `id` bigint(20) UNSIGNED NOT NULL AUTO_INCREMENT;

--
-- AUTO_INCREMENT de la tabla `fundos`
--
ALTER TABLE `fundos`
  MODIFY `id` bigint(20) UNSIGNED NOT NULL AUTO_INCREMENT, AUTO_INCREMENT=5;

--
-- AUTO_INCREMENT de la tabla `implementos`
--
ALTER TABLE `implementos`
  MODIFY `id` bigint(20) UNSIGNED NOT NULL AUTO_INCREMENT, AUTO_INCREMENT=7;

--
-- AUTO_INCREMENT de la tabla `labors`
--
ALTER TABLE `labors`
  MODIFY `id` bigint(20) UNSIGNED NOT NULL AUTO_INCREMENT, AUTO_INCREMENT=8;

--
-- AUTO_INCREMENT de la tabla `lotes`
--
ALTER TABLE `lotes`
  MODIFY `id` bigint(20) UNSIGNED NOT NULL AUTO_INCREMENT, AUTO_INCREMENT=9;

--
-- AUTO_INCREMENT de la tabla `migrations`
--
ALTER TABLE `migrations`
  MODIFY `id` int(10) UNSIGNED NOT NULL AUTO_INCREMENT, AUTO_INCREMENT=36;

--
-- AUTO_INCREMENT de la tabla `modelo_del_implementos`
--
ALTER TABLE `modelo_del_implementos`
  MODIFY `id` bigint(20) UNSIGNED NOT NULL AUTO_INCREMENT, AUTO_INCREMENT=3;

--
-- AUTO_INCREMENT de la tabla `modelo_de_tractors`
--
ALTER TABLE `modelo_de_tractors`
  MODIFY `id` bigint(20) UNSIGNED NOT NULL AUTO_INCREMENT, AUTO_INCREMENT=4;

--
-- AUTO_INCREMENT de la tabla `permissions`
--
ALTER TABLE `permissions`
  MODIFY `id` bigint(20) UNSIGNED NOT NULL AUTO_INCREMENT, AUTO_INCREMENT=6;

--
-- AUTO_INCREMENT de la tabla `personal_access_tokens`
--
ALTER TABLE `personal_access_tokens`
  MODIFY `id` bigint(20) UNSIGNED NOT NULL AUTO_INCREMENT;

--
-- AUTO_INCREMENT de la tabla `pieza_por_componentes`
--
ALTER TABLE `pieza_por_componentes`
  MODIFY `id` bigint(20) UNSIGNED NOT NULL AUTO_INCREMENT, AUTO_INCREMENT=16;

--
-- AUTO_INCREMENT de la tabla `pieza_por_modelos`
--
ALTER TABLE `pieza_por_modelos`
  MODIFY `id` bigint(20) UNSIGNED NOT NULL AUTO_INCREMENT, AUTO_INCREMENT=37;

--
-- AUTO_INCREMENT de la tabla `programacion_de_tractors`
--
ALTER TABLE `programacion_de_tractors`
  MODIFY `id` bigint(20) UNSIGNED NOT NULL AUTO_INCREMENT;

--
-- AUTO_INCREMENT de la tabla `reporte_de_tractors`
--
ALTER TABLE `reporte_de_tractors`
  MODIFY `id` bigint(20) UNSIGNED NOT NULL AUTO_INCREMENT;

--
-- AUTO_INCREMENT de la tabla `riesgos`
--
ALTER TABLE `riesgos`
  MODIFY `id` bigint(20) UNSIGNED NOT NULL AUTO_INCREMENT, AUTO_INCREMENT=5;

--
-- AUTO_INCREMENT de la tabla `roles`
--
ALTER TABLE `roles`
  MODIFY `id` bigint(20) UNSIGNED NOT NULL AUTO_INCREMENT, AUTO_INCREMENT=6;

--
-- AUTO_INCREMENT de la tabla `rutinarios`
--
ALTER TABLE `rutinarios`
  MODIFY `id` bigint(20) UNSIGNED NOT NULL AUTO_INCREMENT;

--
-- AUTO_INCREMENT de la tabla `sedes`
--
ALTER TABLE `sedes`
  MODIFY `id` bigint(20) UNSIGNED NOT NULL AUTO_INCREMENT, AUTO_INCREMENT=3;

--
-- AUTO_INCREMENT de la tabla `solicitud_de_nuevo_articulos`
--
ALTER TABLE `solicitud_de_nuevo_articulos`
  MODIFY `id` bigint(20) UNSIGNED NOT NULL AUTO_INCREMENT;

--
-- AUTO_INCREMENT de la tabla `solicitud_de_pedidos`
--
ALTER TABLE `solicitud_de_pedidos`
  MODIFY `id` bigint(20) UNSIGNED NOT NULL AUTO_INCREMENT;

--
-- AUTO_INCREMENT de la tabla `tareas`
--
ALTER TABLE `tareas`
  MODIFY `id` bigint(20) UNSIGNED NOT NULL AUTO_INCREMENT, AUTO_INCREMENT=181;

--
-- AUTO_INCREMENT de la tabla `tractors`
--
ALTER TABLE `tractors`
  MODIFY `id` bigint(20) UNSIGNED NOT NULL AUTO_INCREMENT, AUTO_INCREMENT=22;

--
-- AUTO_INCREMENT de la tabla `unidad_de_medidas`
--
ALTER TABLE `unidad_de_medidas`
  MODIFY `id` bigint(20) UNSIGNED NOT NULL AUTO_INCREMENT, AUTO_INCREMENT=11;

--
-- AUTO_INCREMENT de la tabla `users`
--
ALTER TABLE `users`
  MODIFY `id` bigint(20) UNSIGNED NOT NULL AUTO_INCREMENT, AUTO_INCREMENT=7;

--
-- Restricciones para tablas volcadas
--

--
-- Filtros para la tabla `articulos`
--
ALTER TABLE `articulos`
  ADD CONSTRAINT `articulos_unidad_de_medida_id_foreign` FOREIGN KEY (`unidad_de_medida_id`) REFERENCES `unidad_de_medidas` (`id`);

--
-- Filtros para la tabla `articulo_para_tareas`
--
ALTER TABLE `articulo_para_tareas`
  ADD CONSTRAINT `articulo_para_tareas_tarea_id_foreign` FOREIGN KEY (`tarea_id`) REFERENCES `tareas` (`id`);

--
-- Filtros para la tabla `centro_de_costos`
--
ALTER TABLE `centro_de_costos`
  ADD CONSTRAINT `centro_de_costos_sede_id_foreign` FOREIGN KEY (`sede_id`) REFERENCES `sedes` (`id`);

--
-- Filtros para la tabla `componente_por_implementos`
--
ALTER TABLE `componente_por_implementos`
  ADD CONSTRAINT `componente_por_implementos_articulo_id_foreign` FOREIGN KEY (`articulo_id`) REFERENCES `articulos` (`id`),
  ADD CONSTRAINT `componente_por_implementos_implemento_id_foreign` FOREIGN KEY (`implemento_id`) REFERENCES `implementos` (`id`);

--
-- Filtros para la tabla `componente_por_modelos`
--
ALTER TABLE `componente_por_modelos`
  ADD CONSTRAINT `componente_por_modelos_articulo_id_foreign` FOREIGN KEY (`articulo_id`) REFERENCES `articulos` (`id`),
  ADD CONSTRAINT `componente_por_modelos_modelo_id_foreign` FOREIGN KEY (`modelo_id`) REFERENCES `modelo_del_implementos` (`id`);

--
-- Filtros para la tabla `detalle_de_solicitud_de_pedidos`
--
ALTER TABLE `detalle_de_solicitud_de_pedidos`
  ADD CONSTRAINT `detalle_de_solicitud_de_pedidos_articulo_id_foreign` FOREIGN KEY (`articulo_id`) REFERENCES `articulos` (`id`),
  ADD CONSTRAINT `detalle_de_solicitud_de_pedidos_solicitud_de_pedido_id_foreign` FOREIGN KEY (`solicitud_de_pedido_id`) REFERENCES `solicitud_de_pedidos` (`id`);

--
-- Filtros para la tabla `detalle_monto_cecos`
--
ALTER TABLE `detalle_monto_cecos`
  ADD CONSTRAINT `detalle_monto_cecos_centro_de_costo_id_foreign` FOREIGN KEY (`centro_de_costo_id`) REFERENCES `centro_de_costos` (`id`);

--
-- Filtros para la tabla `epp_por_riesgos`
--
ALTER TABLE `epp_por_riesgos`
  ADD CONSTRAINT `epp_por_riesgos_epp_id_foreign` FOREIGN KEY (`epp_id`) REFERENCES `epps` (`id`),
  ADD CONSTRAINT `epp_por_riesgos_riesgo_id_foreign` FOREIGN KEY (`riesgo_id`) REFERENCES `riesgos` (`id`);

--
-- Filtros para la tabla `fundos`
--
ALTER TABLE `fundos`
  ADD CONSTRAINT `fundos_sede_id_foreign` FOREIGN KEY (`sede_id`) REFERENCES `sedes` (`id`);

--
-- Filtros para la tabla `implementos`
--
ALTER TABLE `implementos`
  ADD CONSTRAINT `implementos_centro_de_costo_id_foreign` FOREIGN KEY (`centro_de_costo_id`) REFERENCES `centro_de_costos` (`id`),
  ADD CONSTRAINT `implementos_modelo_del_implemento_id_foreign` FOREIGN KEY (`modelo_del_implemento_id`) REFERENCES `modelo_del_implementos` (`id`),
  ADD CONSTRAINT `implementos_responsable_foreign` FOREIGN KEY (`responsable`) REFERENCES `users` (`id`),
  ADD CONSTRAINT `implementos_sede_id_foreign` FOREIGN KEY (`sede_id`) REFERENCES `sedes` (`id`);

--
-- Filtros para la tabla `lotes`
--
ALTER TABLE `lotes`
  ADD CONSTRAINT `lotes_fundo_id_foreign` FOREIGN KEY (`fundo_id`) REFERENCES `fundos` (`id`);

--
-- Filtros para la tabla `model_has_permissions`
--
ALTER TABLE `model_has_permissions`
  ADD CONSTRAINT `model_has_permissions_permission_id_foreign` FOREIGN KEY (`permission_id`) REFERENCES `permissions` (`id`) ON DELETE CASCADE;

--
-- Filtros para la tabla `model_has_roles`
--
ALTER TABLE `model_has_roles`
  ADD CONSTRAINT `model_has_roles_role_id_foreign` FOREIGN KEY (`role_id`) REFERENCES `roles` (`id`) ON DELETE CASCADE;

--
-- Filtros para la tabla `pieza_por_componentes`
--
ALTER TABLE `pieza_por_componentes`
  ADD CONSTRAINT `pieza_por_componentes_componente_por_implemento_id_foreign` FOREIGN KEY (`componente_por_implemento_id`) REFERENCES `componente_por_implementos` (`id`),
  ADD CONSTRAINT `pieza_por_componentes_pieza_foreign` FOREIGN KEY (`pieza`) REFERENCES `articulos` (`id`);

--
-- Filtros para la tabla `pieza_por_modelos`
--
ALTER TABLE `pieza_por_modelos`
  ADD CONSTRAINT `pieza_por_modelos_articulo_id_foreign` FOREIGN KEY (`articulo_id`) REFERENCES `articulos` (`id`),
  ADD CONSTRAINT `pieza_por_modelos_pieza_foreign` FOREIGN KEY (`pieza`) REFERENCES `articulos` (`id`);

--
-- Filtros para la tabla `programacion_de_tractors`
--
ALTER TABLE `programacion_de_tractors`
  ADD CONSTRAINT `programacion_de_tractors_implemento_id_foreign` FOREIGN KEY (`implemento_id`) REFERENCES `implementos` (`id`),
  ADD CONSTRAINT `programacion_de_tractors_labor_id_foreign` FOREIGN KEY (`labor_id`) REFERENCES `labors` (`id`),
  ADD CONSTRAINT `programacion_de_tractors_lote_id_foreign` FOREIGN KEY (`lote_id`) REFERENCES `lotes` (`id`),
  ADD CONSTRAINT `programacion_de_tractors_sede_id_foreign` FOREIGN KEY (`sede_id`) REFERENCES `sedes` (`id`),
  ADD CONSTRAINT `programacion_de_tractors_tractor_id_foreign` FOREIGN KEY (`tractor_id`) REFERENCES `tractors` (`id`),
  ADD CONSTRAINT `programacion_de_tractors_tractorista_foreign` FOREIGN KEY (`tractorista`) REFERENCES `users` (`id`),
  ADD CONSTRAINT `programacion_de_tractors_validado_por_foreign` FOREIGN KEY (`validado_por`) REFERENCES `users` (`id`);

--
-- Filtros para la tabla `reporte_de_tractors`
--
ALTER TABLE `reporte_de_tractors`
  ADD CONSTRAINT `reporte_de_tractors_implemento_id_foreign` FOREIGN KEY (`implemento_id`) REFERENCES `implementos` (`id`),
  ADD CONSTRAINT `reporte_de_tractors_labor_id_foreign` FOREIGN KEY (`labor_id`) REFERENCES `labors` (`id`),
  ADD CONSTRAINT `reporte_de_tractors_lote_id_foreign` FOREIGN KEY (`lote_id`) REFERENCES `lotes` (`id`),
  ADD CONSTRAINT `reporte_de_tractors_sede_id_foreign` FOREIGN KEY (`sede_id`) REFERENCES `sedes` (`id`),
  ADD CONSTRAINT `reporte_de_tractors_tractor_id_foreign` FOREIGN KEY (`tractor_id`) REFERENCES `tractors` (`id`),
  ADD CONSTRAINT `reporte_de_tractors_tractorista_foreign` FOREIGN KEY (`tractorista`) REFERENCES `users` (`id`),
  ADD CONSTRAINT `reporte_de_tractors_validado_por_foreign` FOREIGN KEY (`validado_por`) REFERENCES `users` (`id`);

--
-- Filtros para la tabla `role_has_permissions`
--
ALTER TABLE `role_has_permissions`
  ADD CONSTRAINT `role_has_permissions_permission_id_foreign` FOREIGN KEY (`permission_id`) REFERENCES `permissions` (`id`) ON DELETE CASCADE,
  ADD CONSTRAINT `role_has_permissions_role_id_foreign` FOREIGN KEY (`role_id`) REFERENCES `roles` (`id`) ON DELETE CASCADE;

--
-- Filtros para la tabla `rutinarios`
--
ALTER TABLE `rutinarios`
  ADD CONSTRAINT `rutinarios_programacion_de_tractor_id_foreign` FOREIGN KEY (`programacion_de_tractor_id`) REFERENCES `programacion_de_tractors` (`id`),
  ADD CONSTRAINT `rutinarios_tarea_id_foreign` FOREIGN KEY (`tarea_id`) REFERENCES `tareas` (`id`),
  ADD CONSTRAINT `rutinarios_validado_por_foreign` FOREIGN KEY (`validado_por`) REFERENCES `users` (`id`);

--
-- Filtros para la tabla `solicitud_de_nuevo_articulos`
--
ALTER TABLE `solicitud_de_nuevo_articulos`
  ADD CONSTRAINT `solicitud_de_nuevo_articulos_articulo_id_foreign` FOREIGN KEY (`articulo_id`) REFERENCES `articulos` (`id`),
  ADD CONSTRAINT `solicitud_de_nuevo_articulos_solicitud_de_pedido_id_foreign` FOREIGN KEY (`solicitud_de_pedido_id`) REFERENCES `solicitud_de_pedidos` (`id`),
  ADD CONSTRAINT `solicitud_de_nuevo_articulos_unidad_de_medida_id_foreign` FOREIGN KEY (`unidad_de_medida_id`) REFERENCES `unidad_de_medidas` (`id`);

--
-- Filtros para la tabla `solicitud_de_pedidos`
--
ALTER TABLE `solicitud_de_pedidos`
  ADD CONSTRAINT `solicitud_de_pedidos_fecha_de_pedido_id_foreign` FOREIGN KEY (`fecha_de_pedido_id`) REFERENCES `fecha_de_pedidos` (`id`),
  ADD CONSTRAINT `solicitud_de_pedidos_implemento_id_foreign` FOREIGN KEY (`implemento_id`) REFERENCES `implementos` (`id`),
  ADD CONSTRAINT `solicitud_de_pedidos_solicitante_foreign` FOREIGN KEY (`solicitante`) REFERENCES `users` (`id`),
  ADD CONSTRAINT `solicitud_de_pedidos_validado_por_foreign` FOREIGN KEY (`validado_por`) REFERENCES `users` (`id`);

--
-- Filtros para la tabla `tareas`
--
ALTER TABLE `tareas`
  ADD CONSTRAINT `tareas_articulo_id_foreign` FOREIGN KEY (`articulo_id`) REFERENCES `articulos` (`id`);

--
-- Filtros para la tabla `tractors`
--
ALTER TABLE `tractors`
  ADD CONSTRAINT `tractors_modelo_de_tractor_id_foreign` FOREIGN KEY (`modelo_de_tractor_id`) REFERENCES `modelo_de_tractors` (`id`),
  ADD CONSTRAINT `tractors_sede_id_foreign` FOREIGN KEY (`sede_id`) REFERENCES `sedes` (`id`);

--
-- Filtros para la tabla `users`
--
ALTER TABLE `users`
  ADD CONSTRAINT `users_sede_id_foreign` FOREIGN KEY (`sede_id`) REFERENCES `sedes` (`id`);
COMMIT;

/*!40101 SET CHARACTER_SET_CLIENT=@OLD_CHARACTER_SET_CLIENT */;
/*!40101 SET CHARACTER_SET_RESULTS=@OLD_CHARACTER_SET_RESULTS */;
/*!40101 SET COLLATION_CONNECTION=@OLD_COLLATION_CONNECTION */;
